material_id,formula_pretty,spacegroup,formation_energy_per_atom,band_gap,energy_above_hull,total_magnetization,ordering,total_magnetization_normalized_formula_units,num_magnetic_sites,theoretical,Magmom_per_B
mp-1055985,B,P6/mmm,0.7073052808333342,0.0,0.7073052808333342,1e-07,NM,1e-07,0,False,1e-07
mp-1182425,B,C2/m,0.4823335816666668,0.0,0.4823335816666665,0.0003072,NM,2.56e-05,0,True,2.56e-05
mp-1202723,B,Pa-3,0.32143077000000037,0.0,0.3214307700000001,0.0026779,NM,5.5789583333333335e-05,0,True,5.5789583333333335e-05
mp-1196985,B,Pm-3,0.21457527125000078,0.0,0.2145752712500011,0.7147173,NM,0.01488994375,0,True,0.01488994375
mp-22046,B,P4_2/nnm,0.09835179263333316,0.0,0.09835179263333416,2e-07,NM,3.9999999999999994e-09,0,False,3.9999999999999994e-09
mp-541848,B,R-3m,0.7090749072222235,0.0,0.7090749072222229,0.0,NM,0.0,0,False,0.0
mp-1193675,B,Pnnm,0.02743610940476263,1.5133,0.027436109404762377,0.0,NM,0.0,0,False,0.0
mp-570316,B,P4_2/nnm,0.1552666991666669,0.0,0.1552666991666669,1.6e-06,NM,3.3333333333333334e-08,0,False,3.3333333333333334e-08
mp-570602,B,P4_2/nnm,0.22346854563333296,0.0,0.22346854563333363,4.1e-06,FM,8.199999999999999e-08,2,False,8.199999999999999e-08
mp-160,B,R-3m,0.0,1.4333999999999998,0.0,0.0,NM,0.0,0,False,0.0
mp-632401,B,P1,0.2915357083333336,0.0,0.29153570833333387,0.0,NM,0.0,0,True,0.0
mp-729184,B,P2/c,1.4986150785833339,0.5116,1.4986150785833336,0.0007432,NM,1.8579999999999998e-05,0,False,1.8579999999999998e-05
mp-1228790,B,R-3m,0.19068457950000137,0.0,0.19068457950000095,1.3e-06,NM,1.2380952380952381e-08,0,True,1.2380952380952381e-08
mp-161,B,R-3m,0.02697622816666743,0.0,0.026976228166667227,1e-07,NM,9.523809523809524e-10,0,False,9.523809523809524e-10
mp-1104251,B,R-3m,0.21466703350000102,0.0,0.21466703350000138,0.0005542,NM,3.694666666666667e-05,0,False,3.694666666666667e-05
mp-1079437,FeB4,Pnnm,-0.1707829783333338,0.0,0.006845146833336813,7.9e-06,NM,3.95e-06,0,False,9.875e-07
mp-12570,ThB12,Fm-3m,-0.2534662107692294,0.0,0.009697142692307814,0.0,NM,0.0,0,False,0.0
mp-493,Co2B,I4/mcm,-0.24436671305555535,0.0,0.023685056666666426,4.0339395,FM,2.01696975,4,False,2.01696975
mp-22266,GdB6,Pm-3m,-0.45662003499999926,0.0,0.0,6.839141,FM,6.839141,1,False,1.1398568333333332
mp-585,MnB2,P6/mmm,-0.2905682387547894,0.0,0.09272784444443616,2.933335,FM,2.933335,1,False,1.4666675
mp-1096825,B6Pb,Pm-3m,0.11510001500000097,0.9206000000000003,0.11510001499999234,0.0001254,NM,0.0001254,0,True,2.0900000000000003e-05
mp-10255,Nb3B4,Immm,-0.7657891780952377,0.0,0.0,0.0,NM,0.0,0,False,0.0
mp-7991,BN,P6_3/mmc,-1.4611192995833324,3.9616999999999996,0.0002607300000008195,0.0,NM,0.0,0,False,0.0
mp-7229,B5Mo2,R-3m,0.06542707773809602,0.0,0.4354736101190504,0.0189101,NM,0.0189101,0,False,0.0037820199999999997
mp-684709,K3B17,I4/mmm,0.09214177625833316,0.14349999999999996,0.1182718158083329,0.1403349,NM,0.07016745,0,True,0.00412749705882353
mp-800,TmB2,P6/mmm,-0.6522547150000003,0.0,0.0,2.9e-06,NM,2.9e-06,0,False,1.45e-06
mp-1217367,Th2B15,P4/mmm,-0.3914259716176469,0.0,0.011059157205882464,0.001834,NM,0.000917,0,True,6.113333333333333e-05
mp-1080021,Nb2B3,Cmcm,-0.7472915165000004,0.0,0.0,0.0,NM,0.0,0,False,0.0
mp-569128,SiB3,Imma,-0.04022795062499984,1.4080000000000004,0.0,0.0,NM,0.0,0,False,0.0
mp-1192099,BO3,P3_2,-0.9142760351041671,0.0,0.8349862688020835,17.9999042,FM,2.9999840333333334,18,False,2.9999840333333334
mp-758800,B84O11,P1,-0.6331808554342112,2.5780000000000003,0.019661100526315423,0.001742,NM,0.001742,0,True,2.073809523809524e-05
mp-1386486,BC5,P-1,2.8466256038888886,0.0,2.8675307892013935,6.57e-05,NM,3.285e-05,0,True,3.285e-05
mp-7700,SiB6,Pm-3m,0.45593667928571435,0.04659999999999975,0.4789240796428569,1e-07,NM,1e-07,0,False,1.6666666666666667e-08
mp-1097,TaB,Cmcm,-0.8128741745833317,0.0,0.0,4e-07,NM,2e-07,0,False,2e-07
mp-965,TbB2,P6/mmm,-0.5270450061111104,0.0,0.0,4.7e-06,NM,4.7e-06,0,False,2.35e-06
mp-1071504,Ti2B,I4/mcm,0.1606498597222211,0.0,0.7153529880555549,0.0192567,NM,0.00962835,0,True,0.00962835
mp-1245924,TiB12,Fm-3m,-0.09357950256410255,0.0,0.1500362960256405,0.0013905,NM,0.0013905,0,True,0.000115875
mp-616575,MnB,P4_2/ncm,-0.0007014422988502744,0.0,0.4997346450000011,8.0605966,FM,1.007574575,8,False,1.007574575
mp-1104905,TmB12,Fm-3m,-0.2515251789743583,0.0,0.0,0.0,NM,0.0,0,False,0.0
mp-1228623,BC,P-6m2,0.5973668766666664,0.0,0.6600824326041677,0.0004918,NM,0.0004918,0,True,0.0004918
mp-1183146,BAu3,Fm-3m,0.8769440827083339,0.0,0.8769440827083339,0.0002553,NM,0.0002553,0,True,0.0002553
mp-1079053,B2Mo3,P4/mbm,-0.37031426166666676,0.0,0.031473593999999494,0.0,NM,0.0,0,False,0.0
mp-13151,BN,P4_2/mnm,-1.2822043833333332,4.7783,0.17917564625000004,0.0002724,NM,6.81e-05,0,True,6.81e-05
mp-1078253,MnB4,Pnnm,-0.28194521791953947,0.0,0.007638862000000302,1.3649548,FM,0.6824774,2,False,0.17061935
mp-1199451,B2S3,I4_1/a,-0.735364399101667,2.5061,0.0,5.1e-06,NM,1.02e-07,0,False,5.1e-08
mp-1183252,BIr,P-6m2,-0.20050601958333303,0.0,0.0,0.0,NM,0.0,0,True,0.0
mp-1221769,Mn4B,F222,-0.1350886091781618,0.0,0.10306404682758696,0.0002964,NM,0.0001482,0,True,0.0001482
mp-1080698,Fe3B,P6_322,0.030755197708334236,0.0,0.2613752812500003,11.824489,FM,5.9122445,6,True,5.9122445
mp-1103809,NpB12,Fm-3m,-0.2138517475961532,0.0,0.0,3.5665569,FM,3.5665569,1,False,0.297213075
mp-1245297,BN,P1,-0.635931230883333,1.0362,0.8254487987000001,0.0066455,NM,0.00013291,0,True,0.00013291
mp-629015,BN,P6_3/mmc,-1.457822842083333,3.9745,0.003557187500000225,0.0,NM,0.0,0,True,0.0
mp-1002183,TcB,Pm-3m,0.13570741291666621,0.0,0.5208401765909123,0.0019581,NM,0.0019581,0,True,0.0019581
mp-1104585,HoB12,Fm-3m,-0.2510495838461537,0.0,0.0,2e-07,NM,2e-07,0,False,1.6666666666666667e-08
mp-1228730,B24Mo7,P-6m2,-0.14038892483870954,0.0,0.1520672055913952,0.0025306,NM,0.0025306,0,True,0.00010544166666666666
mp-1187032,Sn3B,I4/mmm,0.921080893958333,0.0,0.921080893958333,0.0003453,NM,0.0003453,0,True,0.0003453
mp-1102394,Nb5B6,Cmmm,-0.7659120259090909,0.0,0.0012770063636367013,0.0,NM,0.0,0,False,0.0
mp-569803,B2W,P6_3/mmc,-0.3329432327777771,0.0,0.0,0.0,NM,0.0,0,False,0.0
mp-10145,YbB2,P6/mmm,-0.2122027627777777,0.0,0.17885250083333304,0.0005989,NM,0.0005989,0,False,0.00029945
mp-1222412,LiB3,P4/mmm,-0.11319147520833273,0.1282000000000001,0.1238615012499995,3.74e-05,NM,1.87e-05,0,True,6.2333333333333335e-06
mp-997617,BOs,P-6m2,-0.23685480958333294,0.0,0.0,0.0,NM,0.0,0,True,0.0
mp-1080664,CrB,I4_1/amd,-0.5294658558333332,0.0,0.0,0.0,NM,0.0,0,False,0.0
mp-2267,HoB2,P6/mmm,-0.5925310861111098,0.0,0.0,6.5e-06,NM,6.5e-06,0,False,3.25e-06
mp-978989,Tc7B3,P6_3mc,-0.3185272267500011,0.0,0.0,1e-07,NM,5e-08,0,False,1.6666666666666667e-08
mp-7817,YB12,Fm-3m,-0.2439182797435896,0.0,0.0,0.0,NM,0.0,0,False,0.0
mp-1338697,B5H9,P4_3,-0.16437817470238109,5.964700000000001,0.019234778920463214,0.0,NM,0.0,0,True,0.0
mp-10118,Mn3B4,Immm,-0.4073655486371095,0.0,0.04286767976190475,7.0516034,FM,7.0516034,3,False,1.76290085
mp-13415,Ta3B2,P4/mbm,-0.6724638266666674,0.0,0.0,0.0,NM,0.0,0,False,0.0
mp-1346,B6O,R-3m,-0.8054543612499998,1.9938000000000002,0.0,0.0,NM,0.0,0,False,0.0
mp-1004377,HfB6,Pm-3m,0.09943785785714405,0.0,0.535674840476192,0.0013815,NM,0.0013815,0,True,0.00023024999999999999
mp-2536,Ni2B,I4/mcm,-0.2897221180555552,0.0,0.0,0.0,NM,0.0,0,False,0.0
mp-978855,Sn3B,Pm-3m,0.9310438489583333,0.0,0.9310438489583333,0.0097396,NM,0.0097396,0,True,0.0097396
mp-20689,Nb3B2,P4/mbm,-0.6315941196666671,0.0,0.0,0.0,NM,0.0,0,False,0.0
mp-861943,BPt3,P6_3/mmc,-0.018687337291666495,0.0,0.11299173750000069,0.0004383,NM,0.00021915,0,True,0.00021915
mp-12062,AgB2,P6/mmm,0.5238218650000004,0.0,0.5238218649999995,0.0006201,NM,0.0006201,0,False,0.00031005
mp-8546,SmB4,P4/mbm,-0.5836938178333334,0.0,0.0,0.0,NM,0.0,0,False,0.0
mp-1200183,BS2,P2_1/c,-0.3055645490277775,0.0,0.42403687631944553,12.007029,FM,1.00058575,12,False,1.00058575
mp-1032,Ta2B,I4/mcm,-0.5240559813888895,0.0,0.0363305408333332,0.0,NM,0.0,0,False,0.0
mp-1245212,B2O3,P1,-2.676725261116666,4.4325,0.12209442513333357,0.0,NM,0.0,0,True,0.0
mp-530274,Al23B50,P-1,-0.054580308881278974,0.0,0.0,4e-07,NM,4e-07,0,True,7.999999999999999e-09
mp-1190529,BPd5,P2_1/c,-0.2177045856944441,0.0,0.0,0.0010983,NM,0.000274575,0,True,0.000274575
mp-1890,BMo,I4_1/amd,-0.5022348195833324,0.0,0.0,0.0,NM,0.0,0,False,0.0
mp-28366,Gd2B5,P2_1/c,-0.5845295036904748,0.0,0.0,0.0731671,FiM,0.018291775,8,False,0.003658355
mp-569424,Cr2B,Fddd,-0.3718065338888887,0.0,0.0,8e-07,NM,2e-07,0,False,2e-07
mp-10143,TiB,F-43m,0.7207276087499999,0.0,1.5527823012499997,0.0071934,NM,0.0071934,0,False,0.0071934
mp-1094049,SnB6,Pm-3m,0.173927298571429,0.7525000000000004,0.17392729857142886,0.0001256,NM,0.0001256,0,True,2.093333333333333e-05
mp-1189845,FeB,P4_2/ncm,-0.03122489708333287,0.0,0.34832196999999976,8.2879874,FM,1.035998425,8,False,1.035998425
mp-1103888,YbB12,Fm-3m,-0.16514355769230787,0.0,0.08275163115384565,5.8e-06,NM,5.8e-06,0,False,4.833333333333334e-07
mp-624,B6As,R-3m,-0.17031413071428553,2.6454000000000004,0.0,0.0,NM,0.0,0,False,0.0
mp-604884,BN,P-6m2,-1.457241514583334,4.3683,0.004138514999999288,0.0,NM,0.0,0,True,0.0
mp-685078,K11B62,Pm,0.1352349105296815,0.0,0.1613438944474881,0.0242259,NM,0.0242259,0,True,0.0003907403225806452
mp-1077506,BN,Imm2,-1.1596577804166657,0.9469999999999992,0.30172224916666757,0.0001283,NM,4.2766666666666665e-05,0,True,4.2766666666666665e-05
mp-978495,SiB,P6_3mc,0.3849925629166666,0.0,0.4118111966666662,0.0003061,NM,0.00015305,0,True,0.00015305
mp-1238815,B4C,Cm,-0.10034488950000006,3.0415,0.0,0.0,NM,0.0,0,True,0.0
mp-714851,BN,P1,-1.363197862083334,2.8663,0.0981821674999992,1.48e-05,NM,1.48e-05,0,True,1.48e-05
mp-365,MgB4,Pnma,-0.13883316333333298,0.3735999999999997,0.0,0.0,NM,0.0,0,False,0.0
mp-1103120,LiB11,I-4m2,0.6697516046527786,0.0,0.7487692634722221,0.0009569,NM,0.0009569,0,True,8.69909090909091e-05
mp-1184492,In3B,Fm-3m,0.9109000777083334,0.0,0.9109000777083334,0.0001341,NM,0.0001341,0,True,0.0001341
mp-685145,BN,Fmm2,-1.4550472670833337,3.2495000000000003,0.006332762499999589,0.0,NM,0.0,0,False,0.0
mp-1101854,LiB11,I-4m2,0.7515439263194459,0.0,0.8305615851388897,0.000578,NM,0.000578,0,True,5.254545454545454e-05
mp-1108,TaB2,P6/mmm,-0.6492166861111102,0.0,0.0,0.0,NM,0.0,0,False,0.0
mp-1245301,BN,P1,-0.8400281440833328,0.8285,0.6213518855000011,0.0009471,NM,1.8942e-05,0,True,1.8942e-05
mp-13150,BN,R3m,-1.4593425520833332,4.3887,0.002037477500000051,0.0,NM,0.0,0,True,0.0
mp-1025170,Ti3B4,Immm,-0.9328539909523812,0.0,0.0,0.0,NM,0.0,0,False,0.0
mp-29654,B9H11,Pccn,-0.18900603437499938,2.9118,0.0,0.0,NM,0.0,0,False,0.0
mp-1006880,BiB,F-43m,0.7965304954166665,0.09220000000000006,0.7965304954166665,0.0001848,NM,0.0001848,0,True,0.0001848
mp-10142,Ta3B4,Immm,-0.773151200952381,0.0,0.0,0.0,NM,0.0,0,False,0.0
mp-1239206,BC3,I-43m,0.24879371427083363,0.0,0.28015149223958424,0.000394,NM,4.925e-05,0,True,4.925e-05
mp-639154,Co23B6,Fm-3m,-0.14791275551724167,0.0,0.018464204999999012,35.1610391,FM,35.1610391,23,False,5.860173183333334
mp-29953,Na2B29,Imm2,0.004806200356877951,0.0,0.05517210636774106,0.0069913,NM,0.0069913,0,True,0.00024107931034482758
mp-27200,B13H19,P2_1/c,-0.15998214989583381,2.7668999999999997,0.026613134975132624,0.0006628,NM,0.0001657,0,False,1.2746153846153845e-05
mp-1215015,BOs,P-1,0.1692345891666669,0.0,0.40608939874999983,0.0017001,NM,0.000425025,0,True,0.000425025
mp-999120,TcB,P6_3/mmc,-0.2223849345833333,0.0,0.1627478290909128,0.0002465,NM,0.00012325,0,True,0.00012325
mp-1104066,TbB12,Fm-3m,-0.24801617769230797,0.0,0.0,0.0,NM,0.0,0,False,0.0
mp-1105080,BPd6,Fddd,-0.1936279320238096,0.0,0.005728853571428161,0.0001454,NM,7.27e-05,0,True,7.27e-05
mp-1188147,B4Os,P6_3/mmc,0.6549123211666668,0.0,0.7827130438333363,0.000214,NM,5.35e-05,0,True,1.3375e-05
mp-776402,B10H13,Pbca,-0.18162338268115882,3.206,0.006570894966032803,0.0,NM,0.0,0,False,0.0
mp-601223,BN,P6_3/mmc,1.1006231079166664,0.0,2.5620031374999996,9.04e-05,NM,4.52e-05,0,True,4.52e-05
mp-1639,BN,F-43m,-1.3840260620833327,4.4506,0.07735396750000056,0.0006126,NM,0.0006126,0,False,0.0006126
mp-1095514,BC5,P-1,0.2827708422222213,0.0,0.3036760275347259,0.0006096,NM,0.0003048,0,True,0.0003048
mp-12763,TbB6,Pm-3m,-0.416075649285714,0.0,0.020184779999999236,0.0,NM,0.0,0,False,0.0
mp-1004525,SmB12,Fm-3m,-0.2275494834615378,0.0,0.01745026038461628,0.0,NM,0.0,0,True,0.0
mp-23184,BCl3,P6_3/m,-1.4336250847916658,4.7135,0.0,0.0,NM,0.0,0,False,0.0
mp-2091,V3B2,P4/mbm,-0.7226935446666658,0.0,0.0,0.0,NM,0.0,0,False,0.0
mp-984,BN,P6_3/mmc,-1.4613800295833332,4.273999999999999,0.0,0.0,NM,0.0,0,False,0.0
mp-1756,ThB6,Pm-3m,-0.48873194214285676,0.0,0.0,1e-07,NM,1e-07,0,False,1.6666666666666667e-08
mp-13854,B3Ru2,P6_3/mmc,-0.3316785064999991,0.0,0.0,0.0,NM,0.0,0,False,0.0
mp-1060982,CsB,Fm-3m,2.1456535114511497,0.0,2.1456535114511497,1.9844447,FM,1.9844447,1,False,1.9844447
mp-1187632,Tl3B,Fm-3m,0.9822966577083334,0.0,0.9822966577083334,0.0017338,NM,0.0017338,0,True,0.0017338
mp-1205309,LiB,Imma,-0.09493951124999978,0.38139999999999996,0.07088204500000028,3e-07,NM,1.5e-07,0,True,1.5e-07
mp-984728,BC,P6_3mc,0.49991762416666674,0.0,0.562633180104168,0.001636,NM,0.000818,0,True,0.000818
mp-28395,B6P,R-3m,-0.2902561697619045,2.4757,0.0,0.0,NM,0.0,0,False,0.0
mp-9208,V2B3,Cmcm,-0.7982462725000005,0.0,0.0,0.0,NM,0.0,0,False,0.0
mp-862847,PaB3,P6_3/mmc,-0.20069146437499885,0.0,0.0,0.0,NM,0.0,0,True,0.0
mp-27798,B4H5,P2_1/c,-0.17635582831018504,2.8803,0.01235385043404591,0.0006674,NM,4.17125e-05,0,False,1.0428125e-05
mp-569405,B3H5,P2_1/c,-0.17308471020833358,3.6391,0.011612727504725306,0.0028683,NM,0.000239025,0,False,7.9675e-05
mp-1016262,Mg7B,P-6m2,0.3574743701041667,0.0,0.38191598812499983,0.0028733,NM,0.0028733,0,True,0.0028733
mp-862984,PmB3,P6_3/mmc,-0.10153382374999964,0.0,0.0,0.0,NM,0.0,0,True,0.0
mp-1077743,BC5,Imm2,0.2526929372222213,0.0,0.27359812253472704,9.39e-05,NM,9.39e-05,0,True,9.39e-05
mp-1296,ErB6,Pm-3m,-0.36644764357142734,0.0,0.06417118660714394,0.0,NM,0.0,0,False,0.0
mp-706937,B9H11,P2_1/c,-0.1863846649374999,3.319,0.0026213694375085694,4e-07,NM,5e-08,0,False,5.555555555555555e-09
mp-12054,Cr2B3,Cmcm,-0.4278752324999999,0.0,0.028111312499996544,0.0048854,NM,0.0024427,0,False,0.0008142333333333333
mp-12569,PrB4,P4/mbm,-0.5431924088333332,0.0,0.0,0.0,NM,0.0,0,False,0.0
mp-1080030,BC7,P3m1,0.2347740672916654,0.0,0.2504529562760407,0.0035369,NM,0.0035369,0,True,0.0035369
mp-1097873,NdB4,C2/m,0.23044214316666753,0.0,0.7919851270000002,0.0008364,NM,0.0008364,0,True,0.0002091
mp-20787,FeB,Pnma,-0.37156264458333244,0.0,0.007984222500000193,4.6730965,FM,1.168274125,4,False,1.168274125
mp-505534,PuB6,Pm-3m,-0.38695683499999944,0.0,0.004874788303572686,5.4662987,FM,5.4662987,1,False,0.9110497833333334
mp-972733,Si3B,P6_3/mmc,0.9099000589583328,0.0,0.9233093758333331,0.0025783,NM,0.00128915,0,True,0.00128915
mp-971853,Zn3B,Pm-3m,0.6203578677083335,0.0,0.6203578677083335,0.0045132,NM,0.0045132,0,True,0.0045132
mp-1205418,B4W,P4/mbm,0.5012125466666675,0.0,0.7009784863333381,0.292338,NM,0.0730845,0,False,0.018271125
mp-530074,B4C,P1,-0.0030131842619044035,0.0,0.09733170523809598,0.7139296,NM,0.050994971428571435,0,True,0.012748742857142859
mp-540668,BS2,P2_1/c,-0.7296014253472224,2.4370000000000003,0.0,0.0,NM,0.0,0,False,0.0
mp-530033,B8O,P2_1/m,-0.6043091028240747,2.4459,0.022155400370370337,0.0,NM,0.0,0,True,0.0
mp-1199460,BCl,Pa-3,-0.9443372933333324,0.0,0.011412763194441844,0.5917384,NM,0.012327883333333333,0,False,0.012327883333333333
mp-997618,BSb,F-43m,0.27397275041666713,0.7506000000000004,0.27397275041666713,0.0002022,NM,0.0002022,0,True,0.0002022
mp-1228647,B3Ir2,C2/m,-0.09955158949999969,0.0,0.060853226166674546,0.0010676,NM,0.0005338,0,True,0.0001779333333333333
mp-27757,Be4B,P4/nmm,-0.016717138833332968,0.0,0.0,0.0,NM,0.0,0,False,0.0
mp-1183263,BOs3,P6_3/mmc,0.7774974827083323,0.0,0.8959248874999997,0.300262,FM,0.150131,2,True,0.150131
mp-1238837,BH,C2/c,-0.07468610395833271,0.0,0.09713756365530823,3.9975683,NM,0.16656534583333335,0,True,0.16656534583333335
mp-1059907,KB,Fm-3m,2.085555408916667,0.0,2.1009260204166664,6.89e-05,NM,6.89e-05,0,False,6.89e-05
mp-306,B2O3,P3_121,-2.79881968625,6.3017,0.0,0.0,NM,0.0,0,False,0.0
mp-1228811,B11Rh18,P1,-0.28767668968390875,0.0,0.016782263017242727,4e-07,NM,4e-07,0,True,3.636363636363636e-08
mp-20467,PuB4,Cmmm,-0.5052714868333326,0.0,0.0,19.5425668,FM,4.8856417,4,False,1.221410425
mp-696746,B4C,R-3m,-0.029008153499999405,1.5149,0.07133673600000101,0.0,NM,0.0,0,False,0.0
mp-685043,BBr,P1,-0.651382542916666,1.2319,0.008914843611108836,0.0,NM,0.0,0,True,0.0
mp-14019,NiB,Cmcm,-0.24213156458333263,0.0,0.0029555482291669932,0.0,NM,0.0,0,False,0.0
mp-1025149,Ti2B,I4/mcm,-0.3944021519444452,0.0,0.1603009763888883,0.0057288,NM,0.0028644,0,True,0.0028644
mp-633538,B9C,P1,0.3149633280000003,0.0,0.36863818920833324,0.0005278,NM,0.0002639,0,True,2.9322222222222223e-05
mp-15809,Cr2B,I4/mcm,-0.3709081797222211,0.0,0.0008983541666687245,0.0,NM,0.0,0,False,0.0
mp-534,B13N2,R-3m,-0.254207581944443,0.0,0.13549375927777962,0.9997988,FM,0.9997988,1,False,0.07690759999999999
mp-1186194,Np3B,Fm-3m,0.2933839511458327,0.0,0.44637181828124994,0.8125938,FM,0.8125938,1,True,0.8125938
mp-971859,Zn3B,I4/mmm,0.6166455127083335,0.0,0.6166455127083335,0.0002992,NM,0.0002992,0,True,0.0002992
mp-1189303,TaB4,P6_3/mmc,0.07037138466666733,0.0,0.4599013963333336,0.001409,NM,0.00035225,0,True,8.80625e-05
mp-984718,BAs,P6_3mc,-0.009832494583332796,1.1428000000000003,0.08951741500000221,9.05e-05,NM,4.525e-05,0,True,4.525e-05
mp-1479,BP,F-43m,-0.40748766124999936,1.2434999999999992,0.0,0.0,NM,0.0,0,False,0.0
mp-1188425,NpB4,Cmmm,-0.418896936083334,0.0,0.0,13.5489325,FM,3.387233125,4,False,0.84680828125
mp-1183296,BPb3,Cmcm,0.9857691827083337,0.0,0.9857691827083337,0.0129889,NM,0.00649445,0,True,0.00649445
mp-1247928,BCl,P1,-0.2390096365277772,0.030999999999999917,0.716740419999998,0.0005415,NM,3.0083333333333334e-05,0,True,3.0083333333333334e-05
mp-1019317,TcB2,P6_3/mmc,-0.4406373777777783,0.0,0.0,1e-07,NM,5e-08,0,False,2.5e-08
mp-978886,SnB,P6_3mc,0.7711706804166676,0.0,0.7711706804166676,0.0002744,NM,0.0001372,0,True,0.0001372
mp-1007881,FeB,Cmcm,-0.3736975395833326,0.0,0.005849327500000001,3.8281656,FM,1.9140828,2,False,1.9140828
mp-1105563,GdB4,P4/mbm,-0.5975773188333321,0.0,0.0,2e-07,AFM,5e-08,4,False,1.25e-08
mp-7857,TiB,Pnma,-0.8320546924999999,0.0,0.0,0.0,NM,0.0,0,False,0.0
mp-1078278,CrB4,Pnnm,-0.30902792333333196,0.0,0.0,0.0,NM,0.0,0,False,0.0
mp-1084,ZrB12,Fm-3m,-0.2119791638461532,0.0,0.015872686794872415,0.0,NM,0.0,0,False,0.0
mp-1077,B2Ru,Pmmn,-0.28590492444444376,0.0,0.0,2e-07,NM,1e-07,0,False,5e-08
mp-1016250,Mg3B,Pmm2,0.6071130627083332,0.0,0.6559962987499999,1.15e-05,NM,1.15e-05,0,True,1.15e-05
mp-569376,FeB2,P6/mmm,-0.05145888944444484,0.0,0.2445879858333333,0.7513609,FM,0.7513609,1,False,0.37568045
mp-8772,ScB12,Fm-3m,-0.21114609192307598,0.0,0.0,0.0,NM,0.0,0,False,0.0
mp-1096797,HgB6,Pm-3m,0.40558803999999987,0.0,0.4055880399999925,0.0003885,NM,0.0003885,0,True,6.475e-05
mp-1929,NdB6,Pm-3m,-0.4753213203571422,0.0,0.0,0.0,NM,0.0,0,False,0.0
mp-1190213,ReB4,P6_3/mmc,0.5578862046666672,0.0,0.8145960863333368,8.15e-05,NM,2.0375e-05,0,True,5.09375e-06
mp-451,ZrB,Fm-3m,-0.37374908458333334,0.0,0.36676942999999973,0.0008305,NM,0.0008305,0,False,0.0008305
mp-1186020,Na3B,Fm-3m,0.8400389027945405,0.0,0.8574022788318965,0.5383943,NM,0.5383943,0,True,0.5383943
mp-1060281,BN,I4/mmm,-0.6558043470833326,3.5086,0.8055756825000007,0.0,NM,0.0,0,True,0.0
mp-1191193,BiB5,P-1,1.1820314881944451,0.0,1.1820314881944451,1.2975957,FM,0.324398925,2,False,0.064879785
mp-27820,B7H10,P2_12_12_1,-0.15493867105392248,2.5117,0.03199152802138894,2.77e-05,NM,3.4625e-06,0,False,4.946428571428571e-07
mp-2192,BPt,P6_3/mmc,0.07020437541666791,0.0,0.20188345020834042,0.0027082,NM,0.0013541,0,True,0.0013541
mp-1183580,Cd3B,I4/mmm,0.8491517252083338,0.0,0.8491517252083338,0.0002952,NM,0.0002952,0,True,0.0002952
mp-1103476,DyB12,Fm-3m,-0.25008072923076863,0.0,0.0,1e-07,NM,1e-07,0,False,8.333333333333334e-09
mp-1063752,BRh,P6_3/mmc,-0.16441207958333237,0.0,0.21355027500000023,3.68e-05,NM,1.84e-05,0,False,1.84e-05
mp-21502,BRh2,Pnma,-0.19308788138888744,0.0,0.07446695583333263,0.0018983,NM,0.000474575,0,False,0.000474575
mp-1196893,B3Pd16,C2/c,-0.20859720671052623,0.0,0.002347663157894253,1e-07,NM,5e-08,0,True,1.6666666666666667e-08
mp-1226103,Co4B,Pm,-0.10412599583333322,0.0,0.05670506599999925,15.6448602,FM,5.2149534,12,True,5.2149534
mp-2501,BMo2,I4/mcm,-0.31649893305555565,0.0,0.01832427999999986,1e-07,NM,5e-08,0,False,5e-08
mp-580,PuB2,P6/mmm,-0.4013453227777776,0.0,0.019714249583332233,4.0148694,FM,4.0148694,1,False,2.0074347
mp-1915,Fe2B,I4/mcm,-0.30749344472222145,0.0,0.0,9.2991168,FM,4.6495584,4,False,4.6495584
mp-29721,B3H5,Cmc2_1,-0.14642635281250005,3.8726000000000003,0.03827108490055853,0.0,NM,0.0,0,False,0.0
mp-1183667,B4H5,P2_1/c,-0.17237896831018495,2.8507,0.01633071043404577,0.0001685,NM,1.053125e-05,0,True,2.6328125e-06
mp-619,UB4,P4/mbm,-0.5080195338333325,0.0,0.0,0.0012504,NM,0.0003126,0,False,7.815e-05
mp-1188836,V5B3,I4/mcm,-0.6196104809375012,0.0,0.057914717187498965,0.000793,NM,0.0003965,0,True,0.00013216666666666666
mp-1087495,Tc3B,Cmcm,-0.26816822854166666,0.0,0.0,0.0,NM,0.0,0,False,0.0
mp-2252,ScB2,P6/mmm,-0.8388382277777767,0.0,0.0,4e-07,NM,4e-07,0,False,2e-07
mp-758933,B8O,C2/m,-0.6004884509722227,2.3536,0.0259760522222221,3.52e-05,NM,5.866666666666667e-06,0,True,7.333333333333333e-07
mp-1002188,TcB,P-6m2,-0.28240139708333345,0.0,0.10273136659091264,0.0020834,NM,0.0020834,0,True,0.0020834
mp-1104127,NiB12,Fm-3m,0.2567024369230768,0.0,0.29440814658653824,0.0167731,FM,0.0167731,1,False,0.0013977583333333332
mp-1113,BW2,I4/mcm,-0.26186354305555426,0.0,0.0,1.07e-05,NM,5.35e-06,0,False,5.35e-06
mp-1238821,Si3B,Pm-3m,0.9601961827083336,0.0,0.9736054995833339,3.64e-05,NM,3.64e-05,0,True,3.64e-05
mp-1104594,B5Mo2,P6_3/mmc,0.42740299845238133,0.0,0.7974495308333358,0.0001779,NM,8.895e-05,0,True,1.7789999999999997e-05
mp-542758,Fe23B6,Fm-3m,-0.1692901963793106,0.0,0.021567803793102414,57.7233324,FiM,57.7233324,29,True,9.620555399999999
mp-1244943,BN,P1,-0.8046508615833329,1.1885,0.6567291680000018,0.0036734,NM,7.3468e-05,0,True,7.3468e-05
mp-1228630,B13P,R3m,-0.026279870178570825,0.0,0.1188482147023846,0.0045421,NM,0.0045421,0,True,0.00034939230769230774
mp-983230,Ga3B,Pm-3m,0.7340981970833336,0.0,0.7340981970833336,0.0002588,NM,0.0002588,0,True,0.0002588
mp-640067,Ni4B3,Pnma,-0.28009955749999954,0.0,0.0,0.0,NM,0.0,0,False,0.0
mp-1002184,TcB,F-43m,0.7205519029166663,0.0,1.1056846665909124,0.0047319,NM,0.0047319,0,True,0.0047319
mp-1002187,TcB,Fm-3m,-0.0077713770833334195,0.0,0.3773613865909127,0.0454974,NM,0.0454974,0,True,0.0454974
mp-568225,TbB4,P4/mbm,-0.5994054473333321,0.0,0.0,0.0,NM,0.0,0,False,0.0
mp-1222698,Li2B,P-3m1,0.3666713613888894,0.0,0.4772190655555555,0.0004644,NM,0.0004644,0,True,0.0004644
mp-20857,CoB,Pnma,-0.40207765458333355,0.0,0.0,0.0,NM,0.0,0,False,0.0
mp-979412,Th3B,Pm-3m,0.5423116552083327,0.0,0.7365214943750003,0.0009024,NM,0.0009024,0,True,0.0009024
mp-16726,LiB,Pnma,-0.09510223875000001,0.0,0.07071931750000005,9.6e-06,NM,2.4e-06,0,True,2.4e-06
mp-568748,Fe2B,P4/mmm,0.06611073027777792,0.0,0.37360417499999965,4.1161196,FM,4.1161196,2,True,4.1161196
mp-2653,BN,P6_3mc,-1.3666759095833338,5.1975999999999996,0.09470411999999939,8.59e-05,NM,4.295e-05,0,False,4.295e-05
mp-1184351,Ga3B,P6_3/mmc,0.5120426958333337,0.0,0.5120426958333337,4.87e-05,NM,2.435e-05,0,True,2.435e-05
mp-2315,NaB15,Imma,-0.05005918494073214,0.0,0.0,0.0,NM,0.0,0,False,0.0
mp-2680,LaB6,Pm-3m,-0.5622244371428563,0.0,0.0,1.5e-06,NM,1.5e-06,0,False,2.5e-07
mp-1184555,Ge3B,Fm-3m,0.9841349989583339,0.0,0.9841349989583339,0.0004714,NM,0.0004714,0,True,0.0004714
mp-28893,ReB,I4_1/amd,0.012789601666666428,0.0,0.3508577327499953,0.0002117,NM,2.64625e-05,0,False,2.64625e-05
mp-717,B2O3,Cmc2_1,-2.7731687479166665,8.3751,0.02565093833333343,0.0,NM,0.0,0,False,0.0
mp-1180507,LiB11,R3m,0.12937937965277868,0.0,0.20839703847222246,0.0001083,NM,0.0001083,0,True,9.845454545454546e-06
mp-1004756,NdB12,Fm-3m,-0.20622647057692234,0.0,0.049715778846153746,0.0,NM,0.0,0,True,0.0
mp-1228640,B12S,R3m,-0.018737657163461343,1.7964000000000002,0.07553982990085562,2.37e-05,NM,2.37e-05,0,True,1.975e-06
mp-576,B13C2,R-3m,-0.07156648161111055,0.0,0.0,2e-07,NM,2e-07,0,False,1.5384615384615385e-08
mp-706664,B10H13,P2_1/c,-0.18270515007246316,3.3079,0.005489127574728414,0.4177822,NM,0.052222775,0,False,0.0052222775
mp-569270,V3B4,Immm,-0.8187663323809521,0.0,0.0,0.0,NM,0.0,0,False,0.0
mp-1472,ZrB2,P6/mmm,-0.9873580194444441,0.0,0.0,1e-07,NM,1e-07,0,False,5e-08
mp-1216517,V3B100,P222,-0.03176638482200603,0.0,0.03279329386731433,0.0001475,NM,0.0001475,0,True,1.475e-06
mp-1014246,ZrB,P6_3/mmc,-0.4109183720833327,0.0,0.32960014250000036,0.0012339,NM,0.00061695,0,True,0.00061695
mp-1083,NpB2,P6/mmm,-0.40796764569444477,0.0,0.0,2.8991862,FM,2.8991862,1,False,1.4495931
mp-1105976,LiB9,P6_3cm,0.036067661416667104,0.0,0.1308888520000009,0.0002623,NM,0.00013115,0,True,1.457222222222222e-05
mp-29292,B10H13,I4_1cd,-0.18264132507246328,3.3318000000000003,0.005552952574728209,1.11e-05,NM,1.3875e-06,0,False,1.3875e-07
mp-1103613,LiB11,F-43m,0.26385270215277856,0.0,0.34287036097222234,0.0002252,NM,0.0002252,0,True,2.0472727272727274e-05
mp-1104892,PuB12,Fm-3m,-0.2609394730769222,0.0,0.0,4.4623935,FM,4.4623935,1,False,0.371866125
mp-29783,B5H9,P4_1,-0.16383931738095267,5.9591,0.01977363624189099,0.0,NM,0.0,0,False,0.0
mp-29651,B4W,P6_3/mmc,0.40107770766666706,0.0,0.6008436473333374,0.0015609,NM,0.000390225,0,False,9.755625e-05
mp-10681,B2Au,P6/mmm,0.6686477705555559,0.0,0.6686477705555545,1.7e-06,NM,1.7e-06,0,False,8.5e-07
mp-1077788,BPt2,P6_3/mmc,-0.17557209972222174,0.0,0.0,0.0,NM,0.0,0,False,0.0
mp-2765,PuB,Fm-3m,0.5020033604166674,0.0,0.8177980396874993,5.0944544,FM,5.0944544,1,False,5.0944544
mp-1228665,BPd5,I4/mmm,-0.08520945486111013,0.0,0.13249513083333397,0.0006004,NM,0.0006004,0,True,0.0006004
mp-1245185,B2O3,P1,-2.6903779306166666,4.0799,0.1084417556333328,0.0,NM,0.0,0,True,0.0
mp-1079348,B3Os2,P6_3/mmc,-0.25357786049999903,0.0,0.0,0.0,NM,0.0,0,False,0.0
mp-1067451,TcB,P6_3mc,4.132634945416666,1.3759999999999994,4.517767709090912,3.9989475,FiM,1.99947375,4,True,1.99947375
mp-1106346,B4Mo,P6_3/mmc,0.2732644386666678,0.0,0.5322970113333376,0.0226705,NM,0.005667625,0,False,0.00141690625
mp-1096829,BPt,P6_3/mmc,0.06202553291666746,0.0,0.19370460770833997,0.0015127,NM,0.00075635,0,False,0.00075635
mp-567926,B4Rh5,P6_3/mmc,-0.35673978296296205,0.0,0.0,1.38e-05,NM,6.9e-06,0,False,1.725e-06
mp-9973,VB,Cmcm,-0.8471857795833335,0.0,0.0,1e-07,NM,5e-08,0,False,5e-08
mp-995182,NdB4,Immm,0.561272125166667,0.0,1.1228151089999994,0.0001977,NM,0.0001977,0,True,4.9425e-05
mp-1061023,RbB,Fm-3m,2.172314421666667,0.0,2.172314421666667,0.0498556,NM,0.0498556,0,False,0.0498556
mp-32715,B36O5,P-1,-0.6710977000914629,2.3416000000000006,0.01648529121951281,0.0037281,NM,0.00186405,0,True,5.177916666666667e-05
mp-27896,BF3,P-1,-3.112166153854166,8.1347,0.00016468874999997496,0.0,NM,0.0,0,False,0.0
mp-7424,BPd2,Pnnm,-0.266144823055555,0.0,0.0,0.0,NM,0.0,0,False,0.0
mp-1001835,LiB,P6_3/mmc,-0.16582155625000006,0.0,0.0,2e-07,NM,1e-07,0,False,1e-07
mp-696597,B5H9,I4mm,-0.16328339434523848,5.709300000000001,0.020329559277605824,0.0,NM,0.0,0,False,0.0
mp-569655,BN,P2_1/c,-1.1402124070833324,3.5892000000000004,0.32116762250000086,9.37e-05,NM,2.3425e-05,0,True,2.3425e-05
mp-1542,YB2,P6/mmm,-0.5636299249999995,0.0,0.0,2e-06,NM,2e-06,0,False,1e-06
mp-1228685,B8O,Cm,-0.6044022391203706,2.2645,0.022062264074073745,0.0,NM,0.0,0,True,0.0
mp-637,YB4,P4/mbm,-0.5877031486666666,0.0,0.0,0.0,NM,0.0,0,False,0.0
mp-1079046,BC7,Pmm2,0.23176338729166623,0.0,0.24744227627604154,0.0016538,NM,0.0016538,0,True,0.0016538
mp-20318,Mn2B,I4/mcm,-0.3969210933429122,0.0,0.0,0.0093246,AFM,0.0046623,4,False,0.0046623
mp-505535,B8Ru11,Pbam,-0.14117585122806986,0.0,0.09158099543859421,0.0003163,NM,0.00015815,0,False,1.976875e-05
mp-1244991,BN,P1,-0.7184967577833333,1.5503,0.7428832718000002,0.0053195,NM,0.00010638999999999999,0,True,0.00010638999999999999
mp-1004753,PrB12,Fm-3m,-0.19057393807692227,0.0,0.06963110730769184,0.000629,NM,0.000629,0,True,5.241666666666667e-05
mp-19984,TbB4,P4/mbm,0.5402951576666674,0.0,1.139700604999999,0.0013189,NM,0.000329725,0,True,8.243125e-05
mp-27990,B2H5,P2_1/c,-0.17927501726190442,6.2615,0.0,0.0,NM,0.0,0,False,0.0
mp-2057,DyB2,P6/mmm,-0.5613357794444447,0.0,0.0,3.1e-06,NM,3.1e-06,0,False,1.55e-06
mp-1080576,LiB,Pmma,0.45371999500000015,0.0,0.6195415512500002,1.2033474,NM,0.30083685,0,True,0.30083685
mp-2331,B2Mo,R-3m,-0.4317209544444438,0.0,0.0,0.0,NM,0.0,0,False,0.0
mp-1774,ErB2,P6/mmm,-0.6221119461111115,0.0,0.0,4.7e-06,NM,4.7e-06,0,False,2.35e-06
mp-2203,YB6,Pm-3m,-0.39956591595238067,0.0,0.028522829285715368,0.0,NM,0.0,0,False,0.0
mp-1184725,Hg3B,P2_1/m,1.0553065914583333,0.0,1.0553065914583333,0.0003833,NM,0.00019165,0,True,0.00019165
mp-2058,Ni3B,Pnma,-0.2628471747916663,0.0,0.0,1e-07,NM,2.5e-08,0,False,2.5e-08
mp-30935,B17F27,P-1,-2.3947218658712113,4.5644,0.1517306417140203,0.0005543,NM,0.00027715,0,False,1.6302941176470588e-05
mp-15671,Re3B,Cmcm,-0.20339562354166674,0.0,0.0,2e-07,NM,1e-07,0,False,1e-07
mp-27710,CrB4,Immm,-0.30302774933333154,0.13060000000000027,0.006000174000000413,1e-07,NM,1e-07,0,False,2.5e-08
mp-1076,KB6,Pm-3m,-0.026349619714285462,0.0,0.0,0.0,NM,0.0,0,False,0.0
mp-851576,B84O11,P1,2.58696793793421,0.0,3.2398098938947366,0.016587,NM,0.016587,0,True,0.00019746428571428573
mp-763,MgB2,P6/mmm,-0.13035529611111052,0.0,0.0,1e-07,NM,1e-07,0,False,5e-08
mp-1009823,BeB2,P6/mmm,0.1202282555555551,0.0,0.127193730069445,0.0004941,NM,0.0004941,0,True,0.00024705
mp-1514,UB2,P6/mmm,-0.5841753627777777,0.0,0.0,1.1784996,FM,1.1784996,1,False,0.5892498
mp-1187526,Tl3B,Pm-3m,1.0007761527083336,0.0,1.0007761527083336,0.0009988,NM,0.0009988,0,True,0.0009988
mp-1186025,Na3B,I4/mmm,0.8423500152945405,0.0,0.8597133913318964,0.1320833,NM,0.1320833,0,True,0.1320833
mp-614006,B2O,P-3m1,-0.7114378190277778,0.0,0.9245854276388883,9.6e-06,NM,4.8e-06,0,True,2.4e-06
mp-10144,B2W,P6/mmm,-0.07543287277777704,0.0,0.25751036000000127,0.0004338,NM,0.0004338,0,False,0.0002169
mp-1101938,FeB2,Pnma,-0.29604687527777784,0.5153999999999996,0.0,0.0008397,NM,0.000209925,0,True,0.0001049625
mp-16713,Pr2B5,C2/c,-0.48833485654761893,0.0,0.0,1.0292141,FM,0.257303525,4,False,0.051460704999999995
mp-6996,SmB6,Pm-3m,-0.45499952428571383,0.0,0.0,0.0,NM,0.0,0,False,0.0
mp-21343,CeB6,Pm-3m,-0.5155952042857146,0.0,0.0,1.0063901,FM,1.0063901,1,False,0.16773168333333333
mp-1008559,BP,P6_3mc,-0.39618678374999927,1.0624000000000002,0.011300877500000084,0.0,NM,0.0,0,False,0.0
mp-954,BaB6,Pm-3m,-0.4099723649999995,0.0,0.0,0.0,NM,0.0,0,False,0.0
mp-1105617,TcB4,P6_3/mmc,0.3676202911666664,0.0,0.6320027178333358,1.904904,FM,0.476226,4,True,0.1190565
mp-12762,PrB6,Pm-3m,-0.4832379414285707,0.0,0.0,0.0,NM,0.0,0,False,0.0
mp-27658,Li5B4,R3m,0.5057422929629634,0.0,0.6531392318518514,0.0009089,NM,0.0009089,0,False,0.000227225
mp-568384,ScB2,Fd-3m,0.06880573222222353,0.0,0.9076439600000006,0.0012655,NM,0.00063275,0,False,0.000316375
mp-568319,DyB6,Pm-3m,-0.40010284071428565,0.0,0.03552324124999906,0.0,NM,0.0,0,False,0.0
mp-1245193,BN,P1,-0.6450635241833333,0.2781,0.8163165053999997,2.0033108,FM,0.040066216,1,True,0.040066216
mp-568143,TmB4,P4/mbm,-0.5780460971666663,0.0,0.0,0.0,NM,0.0,0,False,0.0
mp-889,Cr3B4,Immm,-0.4602709238095234,0.0,0.016709710000000655,0.0005884,NM,0.0005884,0,False,0.0001471
mp-1245270,B2O3,P1,-2.670249095416666,4.4806,0.1285705908333341,0.0,NM,0.0,0,True,0.0
mp-1183440,BiB,P6_3mc,0.8108499079166673,0.0,0.8108499079166673,0.0015105,NM,0.00075525,0,True,0.00075525
mp-866066,B2S3,R-3c,-0.6305787145416666,1.5315,0.10478568456000037,0.0174642,NM,0.0087321,0,True,0.00436605
mp-999198,BMo,Cmcm,-0.49229735708333244,0.0,0.009937462499999938,0.0,NM,0.0,0,False,0.0
mp-1018649,BC5,P3m1,0.25867318555555485,0.0,0.2795783708680606,0.0009395,NM,0.0009395,0,True,0.0009395
mp-1206441,V5B6,Cmmm,-0.8301574040909091,0.0,0.0,0.0,NM,0.0,0,True,0.0
mp-1228684,B2Pt3,Cm,-0.09932932566666679,0.0,0.05868556408333703,0.0002082,NM,0.0002082,0,True,0.0001041
mp-8079,B5W2,R-3m,0.24891011630952523,0.0,0.5342900301190454,0.014269,NM,0.014269,0,False,0.0028538
mp-634117,BH3,P2_1/c,-0.16425767166666638,5.3252,0.0,0.0,NM,0.0,0,False,0.0
mp-20517,BPd3,Pnma,-0.2580220141666665,0.0,0.0,0.0,NM,0.0,0,False,0.0
mp-2847,ErB4,P4/mbm,-0.5858285723333332,0.0,0.0,0.0,NM,0.0,0,False,0.0
mp-1226275,Cr4B,F222,0.08005269616666766,0.0,0.30313661650000334,0.0009259,NM,0.00046295,0,True,0.00046295
mp-1201949,B5H4,I4_1/acd,0.17270899886574081,2.8736,0.32544114785564826,0.0,NM,0.0,0,False,0.0
mp-262,Na3B20,Cmmm,-0.06039435143428245,0.0,0.0,0.0,NM,0.0,0,False,0.0
mp-1201287,CuB5,Pbca,0.41569769611111224,0.0,0.4156976961111125,0.0004063,NM,2.539375e-05,0,True,5.07875e-06
mp-7283,LaB4,P4/mbm,-0.564821469333333,0.0,0.0,0.0002999,NM,7.4975e-05,0,False,1.874375e-05
mp-1227634,Be4B25,P2/c,0.21043082485632156,0.0,0.21331309017241296,0.0006228,NM,0.0003114,0,True,1.2455999999999999e-05
mp-1014138,ZrB,P-6m2,-0.40944271208333394,0.0,0.33107580249999913,6.6e-06,NM,3.3e-06,0,True,3.3e-06
mp-8365,MnB,Pnma,-0.5004360872988514,0.0,0.0,8.3465466,FM,2.08663665,4,False,2.08663665
mp-22319,UB12,Fm-3m,-0.27362737692307676,0.0,0.0,0.0,NM,0.0,0,False,0.0
mp-242,SrB6,Pm-3m,-0.45038172309523766,0.0,0.0,0.0,NM,0.0,0,False,0.0
mp-1001602,B12W,Fm-3m,0.20553031230769228,0.0,0.2823633660256464,6.17e-05,NM,6.17e-05,0,True,5.141666666666666e-06
mp-569281,HoB4,P4/mbm,-0.5915577948333322,0.0,0.0,0.0,NM,0.0,0,False,0.0
mp-1056860,NaB,Fm-3m,1.8575636371408049,0.0,1.8922903892155176,0.0363243,NM,0.0363243,0,False,0.0363243
mp-1994,HfB2,P6/mmm,-1.0178862927777768,0.0,0.0,1e-07,NM,1e-07,0,False,5e-08
mp-1106180,Re7B3,P6_3mc,-0.22203072074999994,0.0,0.008299404299997093,1e-07,NM,5e-08,0,False,1.6666666666666667e-08
mp-23256,BCl,P2_12_12_1,-0.8562718572395829,0.8387,0.09947819928819168,0.0,NM,0.0,0,False,0.0
mp-2617,B2Pd5,C2/c,-0.2551906590476187,0.0,0.006312558928571299,0.0,NM,0.0,0,False,0.0
mp-30529,B5H11,P2_1/c,-0.158707534739583,4.6651,0.02219420865766608,0.0025558,NM,0.00063895,0,False,0.00012779
mp-20373,Co3B,Pnma,-0.18323448979166646,0.0,0.017804337500000322,14.2613752,FM,3.5653438,12,False,3.5653438
mp-1245057,B2O3,P1,-2.6520142217166667,4.2258,0.1468054645333332,2.56e-05,NM,1.28e-06,0,True,6.4e-07
mp-1008487,BW,Cmcm,-0.35619584708333285,0.0,0.011479258749998777,1e-07,NM,5e-08,0,False,5e-08
mp-15617,Cr5B3,I4/mcm,-0.4156522671874985,0.0,0.0,3e-07,NM,1.5e-07,0,False,5e-08
mp-23189,BI3,P6_3/m,-0.38532954979166645,2.6901,0.0,0.0,NM,0.0,0,False,0.0
mp-1245228,BN,P1,-0.7952020421833333,1.7402,0.6661779874000011,0.0029797,NM,5.9594e-05,0,True,5.9594e-05
mp-706630,B5H7,P2/c,-0.18722790059027794,3.3929,0.0,0.0,NM,0.0,0,False,0.0
mp-567164,BRh,P6_3/mmc,-0.3779623545833326,0.0,0.0,1e-07,NM,5e-08,0,False,5e-08
mp-425,GdB2,P6/mmm,-0.47723119277777687,0.0,0.06832967733333284,7.2331512,FM,7.2331512,1,False,3.6165756
mp-1245025,B2O3,P1,-2.7356498717166664,4.1254,0.06316981453333348,0.0011737,NM,5.8685e-05,0,True,2.93425e-05
mp-1214789,BSe2,P2_1/c,-0.4484155883680548,1.7712,0.0,0.0,NM,0.0,0,True,0.0
mp-1106065,B3Rh7,P6_3mc,-0.23539889474999995,0.0,0.005400458749996062,4.7e-06,NM,2.35e-06,0,False,7.833333333333333e-07
mp-570034,ErB4,P4/mbm,0.5393212096666666,0.0,1.1251497819999994,0.007432,NM,0.001858,0,True,0.0004645
mp-1079812,B9N,I4/mmm,2.234558678250001,0.0,2.526834684166669,2.2363621,FiM,2.2363621,2,False,0.24848467777777777
mp-1001788,ZrB6,Pm-3m,-0.020877016428570982,0.0,0.4022764204761913,0.0068807,NM,0.0068807,0,True,0.0011467833333333333
mp-1008755,SrB2,P6/mmm,0.1822453450000007,0.0,0.5325422407407405,0.000755,NM,0.000755,0,True,0.0003775
mp-1078935,BC7,P-4m2,0.19969764229166564,0.0,0.21537653127604095,0.0037423,NM,0.0037423,0,True,0.0037423
mp-1009695,CaB2,P6/mmm,-0.13371763611111062,0.0,0.19202974249999993,4.08e-05,NM,4.08e-05,0,True,2.04e-05
mp-10141,SmB2,P6/mmm,-0.3899438077777783,0.0,0.12776528233333284,0.0013874,NM,0.0013874,0,False,0.0006937
mp-1189298,YbB4,P4/mbm,-0.4692663163333329,0.0,0.0,0.0,NM,0.0,0,False,0.0
mp-2719,DyB4,P4/mbm,-0.5964320543333329,0.0,0.0,0.0,NM,0.0,0,False,0.0
mp-1194572,Co5B16,Pmma,-0.16164901507936438,0.0,0.029816534722222343,0.0309477,NM,0.01547385,0,False,0.000967115625
mp-1001600,HfB12,Fm-3m,-0.1933358807692302,0.0,0.04156095602564136,0.0,NM,0.0,0,False,0.0
mp-978275,MgB7,C2/m,-0.13057053333333268,1.4592,0.0,0.0,NM,0.0,0,False,0.0
mp-16762,PrB3,P6_3/mmc,-0.032383341874999694,0.0,0.4788088281249996,7.46e-05,NM,3.73e-05,0,True,1.2433333333333333e-05
mp-8035,B4C,R-3m,0.9522772345000002,0.0,1.052622124,1.8e-06,NM,6e-07,0,True,1.5e-07
mp-1228682,BPd4,Pmm2,0.008122382166666853,0.0,0.24195393924999387,0.0015063,NM,0.0015063,0,True,0.0015063
mp-17535,B3Ru7,P6_3mc,-0.13761037924999897,0.0,0.02822887399999985,1e-07,NM,5e-08,0,False,1.6666666666666667e-08
mp-1080525,FeB,I4_1/amd,-0.37954686708333263,0.0,0.0,8.6051689,FM,2.151292225,4,True,2.151292225
mp-28629,Ta5B6,Cmmm,-0.7847906095454547,0.0,0.0028053090909097023,0.0,NM,0.0,0,False,0.0
mp-1632,NdB4,P4/mbm,-0.5615429838333327,0.0,0.0,0.0,NM,0.0,0,False,0.0
mp-1185180,Li3B,I4/mmm,0.37343906770833346,0.0,0.4563498458333335,0.0005798,NM,0.0005798,0,True,0.0005798
mp-23225,BBr3,P6_3/m,-0.9904460797916665,3.8273,0.0,0.0,NM,0.0,0,False,0.0
mp-978496,SiB4,R-3m,0.2494394440000008,0.0,0.2816218045000003,8.7e-06,NM,2.8999999999999998e-06,0,True,7.249999999999999e-07
mp-2850,B2Os,Pmmn,-0.21300120444444323,0.0,0.0,0.0,NM,0.0,0,False,0.0
mp-1072852,CdB2,Pn-3m,2.5725911972222226,0.0,2.5725911972222186,0.0005365,NM,0.00026825,0,False,0.000134125
mp-1184565,GeB,P6_3mc,0.5502172629166671,0.0,0.5502172629166671,0.0006657,NM,0.00033285,0,True,0.00033285
mp-571655,B4C,R-3m,0.8014824678333335,0.0,0.9018273573333335,6.97e-05,NM,2.3233333333333333e-05,0,True,5.808333333333333e-06
mp-1095030,BC7,P-43m,0.2660395097916659,0.0,0.2817183987760412,0.0003603,NM,0.0003603,0,True,0.0003603
mp-1228652,B8O,Pm,-0.6038172665277778,2.3696,0.022647236666666792,0.0,NM,0.0,0,True,0.0
mp-1228687,B4Mo,P6/mmm,-0.0010681619999994988,0.0,0.25796441066667075,0.0007169,NM,0.00023896666666666668,0,True,5.974166666666667e-05
mp-542573,ThB4,P4/mbm,-0.6214714853333334,0.0,0.0,0.0,NM,0.0,0,False,0.0
mp-27876,B2H3,Pbca,-0.15164506829166627,3.0157,0.034570647147705635,0.0,NM,0.0,0,False,0.0
mp-1773,ReB2,P6_3/mmc,-0.42784980277777745,0.0,0.0,2.3e-06,NM,1.15e-06,0,False,5.75e-07
mp-1006223,GdB12,Fm-3m,-0.24197091615384528,0.0,0.0039014103846151116,6.8851766,FM,6.8851766,1,False,0.5737647166666667
mp-374,CrB2,P6/mmm,-0.33987517611111073,0.0,0.06712516166665772,1.0056622,FM,1.0056622,1,False,0.5028311
mp-944,AlB2,P6/mmm,-0.04298822277777722,0.0,0.010136611200007195,1e-07,NM,1e-07,0,False,5e-08
mp-1183231,BRu3,P6_3/mmc,0.4660160402083342,0.0,0.6042154179166701,0.20996,NM,0.10498,0,True,0.10498
mp-1245281,BN,P1,-0.6260700361833336,0.054400000000000004,0.835309993400001,0.0001884,FiM,3.768e-06,2,True,3.768e-06
mp-10044,BAs,F-43m,-0.01896014208333252,1.2036999999999995,0.08038976750000248,0.0015859,NM,0.0015859,0,False,0.0015859
mp-1222413,LiB3,P4/mbm,-0.23705297645833223,0.09189999999999987,0.0,0.0,NM,0.0,0,True,0.0
mp-570938,B5W2,P6_3/mmc,0.26359836702381045,0.0,0.5489782808333299,0.0021428,NM,0.0010714,0,False,0.00021428
mp-13862,B13P2,R-3m,0.6871418782777785,0.0,0.9580476367222239,0.0001105,NM,0.0001105,0,False,8.5e-06
mp-567415,Nd2B5,C2/c,-0.5148668047619042,0.0,0.0,3.68e-05,NM,9.2e-06,0,False,1.84e-06
mp-23316,BCl2,Pbca,-1.1580385080555555,2.9183,0.11629490064814618,0.0006127,NM,7.65875e-05,0,False,7.65875e-05
mp-450,NbB2,P6/mmm,-0.6938497461111103,0.0,0.0,3.7e-06,NM,3.7e-06,0,False,1.85e-06
mp-1103394,LiB11,F-43m,0.7958067538194449,0.0,0.8748244126388887,0.000903,NM,0.000903,0,True,8.20909090909091e-05
mp-978917,Sn3B,Fm-3m,0.9366946689583333,0.0,0.9366946689583333,0.0005097,NM,0.0005097,0,True,0.0005097
mp-1214755,BPd6,C2/c,-0.199356785595238,0.0,0.0,2e-07,NM,1e-07,0,True,1e-07
mp-1010,MnB4,Immm,-0.27201395491953945,0.0,0.017570125000000658,0.6392426,FM,0.6392426,1,False,0.15981065
mp-1145,TiB2,P6/mmm,-1.0556684605555553,0.0,0.0,0.0,NM,0.0,0,False,0.0
mp-1194531,Fe2B7,Pbam,-0.19004353935185098,0.0,0.007321044166671342,3.7030644,FiM,0.46288305,16,False,0.06612615000000001
mp-1106184,MnB4,P2_1/c,-0.28958407991953977,0.005300000000000082,0.0,0.0,NM,0.0,0,False,0.0
mp-1244872,BN,P1,-0.8198389496833329,1.5766,0.6415410799000014,0.0014823,NM,2.9646e-05,0,True,2.9646e-05
mp-976080,Ge3B,P6_3/mmc,0.9860718652083333,0.0,0.9860718652083333,0.000944,NM,0.000472,0,True,0.000472
mp-1214764,BO3,P-1,-0.9156837438541663,0.0,0.833578560052084,12.0008587,FM,3.000214675,12,True,3.000214675
mp-960,B2Mo,P6/mmm,-0.2756160227777767,0.0,0.1561049316666665,3.3e-06,NM,3.3e-06,0,False,1.65e-06
mp-1974,CeB4,P4/mbm,-0.6277463433333338,0.0,0.0,2.9e-05,NM,7.25e-06,0,False,1.8125e-06
mp-644751,BN,Pnma,-1.1891388545833337,5.7747,0.27224117499999956,1.64e-05,NM,4.1e-06,0,True,4.1e-06
mp-1213975,CaB4,P4/mbm,-0.390896854333333,0.0,0.0,0.0,NM,0.0,0,True,0.0
mp-936302,B4C,P1,1.2731590240238095,0.0,1.3735039135238098,0.0014694,NM,0.00010495714285714285,0,True,2.6239285714285714e-05
mp-27864,BF2,P2_1/c,-2.645448288055555,4.8986,0.1210680164814848,0.0013116,NM,0.0003279,0,False,0.0003279
mp-1183149,BAu,P6_3mc,0.8404483029166672,0.0,0.8404483029166672,0.0008966,NM,0.0004483,0,True,0.0004483
mp-1079661,BC7,R3m,0.2299829685416661,0.0,0.24566185752604142,0.0022091,NM,0.0022091,0,True,0.0022091
mp-569404,Ni4B3,C2/c,-0.27840357964285645,0.0,0.0016959778571434825,0.0,NM,0.0,0,False,0.0
mp-1080111,B3Mo,R-3m,-0.315406023125,0.0,0.008384692708332864,0.0,NM,0.0,0,True,0.0
mp-1096955,EuB12,Fm-3m,-0.15402912076923003,0.0,0.10249230115384655,6.7566041,FM,6.7566041,1,True,0.5630503416666667
mp-558149,BF3,P2_1/c,-3.112330842604166,8.2939,0.0,0.0,NM,0.0,0,False,0.0
mp-7839,ReB3,P6_3/mmc,0.7502217281250001,0.0,1.0711090802083323,0.0012784,NM,0.0006392,0,False,0.00021306666666666668
mp-345,HfB,Fm-3m,-0.41349764458333205,0.0,0.34991707500000047,0.0009076,NM,0.0009076,0,False,0.0009076
mp-1432,Be2B,Fm-3m,0.04071844694444474,0.0,0.054649395972222514,0.0,NM,0.0,0,False,0.0
mp-555170,B12S,R-3m,0.31718533052884695,0.0,0.41146281759316405,0.001378,NM,0.001378,0,False,0.00011483333333333334
mp-30936,B5F6,I4_1/a,-2.0946094084848492,3.2308000000000003,0.168903931590906,0.0009379,NM,0.000234475,0,False,4.6895e-05
mp-1244917,BN,P1,-0.5451878917833335,1.1992000000000003,0.9161921377999995,0.0006929,NM,1.3858e-05,0,True,1.3858e-05
mp-1182499,B5I,C2/c,0.5663158694444448,0.09949999999999992,0.6519446582870358,0.0007378,NM,0.00018445,0,True,3.689e-05
mp-975611,Ge3B,Pm-3m,1.0085106289583337,0.0,1.0085106289583337,0.0004626,NM,0.0004626,0,True,0.0004626
mp-571491,HoB6,Pm-3m,-0.3834221107142852,0.0,0.05004258616071322,0.0,NM,0.0,0,False,0.0
mp-29611,B5H8,Pna2_1,-0.15257701804487203,5.4267,0.032704372639850376,0.000129,NM,1.6125e-05,0,False,3.2249999999999996e-06
mp-7832,BW,I4_1/amd,-0.36767510583333163,0.0,0.0,1e-07,NM,2.5e-08,0,False,2.5e-08
mp-1023515,Mg15B,P-6m2,0.18210891005208363,0.0,0.19432971906250018,0.004298,NM,0.004298,0,True,0.004298
mp-2580,NbB,Cmcm,-0.7696387770833333,0.0,0.0,9e-07,NM,4.5e-07,0,False,4.5e-07
mp-1245231,BN,P1,-0.8021801996833335,1.6715,0.6591998299000004,0.0028522,NM,5.7044e-05,0,True,5.7044e-05
mp-973682,Fe3B,Pnma,-0.21346262916666525,0.0,0.017157454375000825,24.1709616,FM,6.0427404,12,False,6.0427404
mp-1181327,Fe3B,I-4,-0.2016396947916661,0.0,0.028980388749999975,23.881261,FM,5.97031525,12,False,5.97031525
mp-1214978,BRu,Pmma,0.818222652916667,0.0,1.0946214083333299,0.0065259,NM,0.001631475,0,True,0.001631475
mp-571352,TmB6,Pm-3m,-0.34712974166666605,0.0,0.07931735776785764,5.1e-06,NM,5.1e-06,0,False,8.5e-07
mp-20874,EuB6,Pm-3m,-0.47639692642857157,0.0,0.0,6.8878978,FM,6.8878978,1,False,1.1479829666666668
mp-260,CrB,Cmcm,-0.5201766645833334,0.0,0.009289191249999718,1.1e-06,NM,5.5e-07,0,False,5.5e-07
mp-1077125,BC5,I-4m2,0.22941742222222197,0.0,0.2503226075347271,0.0062508,NM,0.0062508,0,True,0.0062508
mp-632822,Li5B4,Cm,0.19949580740740755,0.0,0.3468927462962954,0.0008192,NM,0.0008192,0,True,0.0002048
mp-1096844,BiB6,Pm-3m,0.3322086335714291,0.0,0.3322086335714296,0.0183745,NM,0.0183745,0,True,0.0030624166666666664
mp-344,BN,Cc,-1.2419457895833332,3.5767,0.21943424,4.01e-05,NM,1.0025e-05,0,True,1.0025e-05
mp-567944,BCl,P4_2/nmc,-0.6746260839583336,3.3203,0.281123972569441,0.0021049,NM,0.0002631125,0,False,0.0002631125
mp-1025156,NpB6,Pm-3m,-0.2690023433928569,0.0,0.05469504089281774,4.1897007,FM,4.1897007,1,False,0.69828345
mp-1228676,B8P,Cm,-0.07512715333333243,0.18459999999999965,0.15062764537036966,1.0007424,FM,0.3335808,1,True,0.0416976
mp-1104598,ErB12,Fm-3m,-0.2515306661538458,0.0,0.0,0.0,NM,0.0,0,False,0.0
mp-865,CaB6,Pm-3m,-0.4078072207142855,0.0,0.0,0.0,NM,0.0,0,False,0.0
mp-419,YbB6,Pm-3m,-0.4603767792857129,0.0,0.0,0.0,NM,0.0,0,False,0.0
mp-1205212,B2F3,P2/c,-2.321473403604166,2.4177,0.1683912704791677,7.9e-06,NM,1.234375e-07,0,False,6.171875e-08
mp-1184483,In3B,Pm-3m,0.9006224002083334,0.0,0.9006224002083334,0.0007015,NM,0.0007015,0,True,0.0007015
mp-999118,TcB,P6_3/mmc,-0.12176652458333415,0.0,0.26336623909091195,0.0055944,NM,0.0027972,0,True,0.0027972
mp-20962,Ni23B6,Fm-3m,-0.19173674603448312,0.0,0.025791950344828507,0.1910406,FiM,0.1910406,3,True,0.0318401
mp-1182537,B9C,I4/mmm,2.5240154000000006,0.05760000000000076,2.5776902612083337,2.995634,FM,2.995634,2,False,0.3328482222222222
mp-570421,Sm2B5,P2_1/c,-0.5546883108333337,0.0,0.0,1e-07,NM,2.5e-08,0,False,5e-09
mp-1491,VB2,P6/mmm,-0.7388496561111116,0.0,0.0,2.8e-06,NM,2.8e-06,0,False,1.4e-06
mp-1001831,LiB,Fd-3m,0.2137115762499997,1.7264999999999997,0.37953313249999976,1.1e-05,NM,5.5e-06,0,True,5.5e-06
mp-1181765,CuB5,Pbca,0.38463168111111184,0.0,0.3846316811111121,0.0011627,NM,7.266875e-05,0,True,1.453375e-05
mp-1599,BN,Cm,-1.323430465833333,1.5671,0.13794956375000034,2.3e-06,NM,5.75e-07,0,True,5.75e-07
mp-1222002,MgB3,P4/mmm,0.3379268356249998,0.0,0.4735807987499996,0.0011368,NM,0.0005684,0,True,0.00018946666666666667
