,material_id,formula_pretty,spacegroup,formation_energy_per_atom,band_gap,energy_above_hull,total_magnetization,ordering,total_magnetization_normalized_formula_units,num_magnetic_sites,theoretical,Magmom_per_B
0,mp-1055985,B,P6/mmm,0.7073052808333342,0.0,0.7073052808333342,1e-07,NM,1e-07,0,False,1e-07
1,mp-1182425,B,C2/m,0.4823335816666668,0.0,0.4823335816666665,0.0003072,NM,2.56e-05,0,True,2.56e-05
2,mp-1202723,B,Pa-3,0.3214307700000003,0.0,0.3214307700000001,0.0026779,NM,5.5789583333333335e-05,0,True,5.5789583333333335e-05
3,mp-1196985,B,Pm-3,0.2145752712500007,0.0,0.2145752712500011,0.7147173,NM,0.01488994375,0,True,0.01488994375
4,mp-22046,B,P4_2/nnm,0.0983517926333331,0.0,0.0983517926333341,2e-07,NM,3.9999999999999994e-09,0,False,3.9999999999999994e-09
5,mp-541848,B,R-3m,0.7090749072222235,0.0,0.7090749072222229,0.0,NM,0.0,0,False,0.0
6,mp-1193675,B,Pnnm,0.0274361094047626,1.5133,0.0274361094047623,0.0,NM,0.0,0,False,0.0
7,mp-570316,B,P4_2/nnm,0.1552666991666669,0.0,0.1552666991666669,1.6e-06,NM,3.3333333333333334e-08,0,False,3.3333333333333334e-08
8,mp-570602,B,P4_2/nnm,0.2234685456333329,0.0,0.2234685456333336,4.1e-06,FM,8.199999999999999e-08,2,False,8.199999999999999e-08
9,mp-160,B,R-3m,0.0,1.4333999999999998,0.0,0.0,NM,0.0,0,False,0.0
10,mp-632401,B,P1,0.2915357083333336,0.0,0.2915357083333338,0.0,NM,0.0,0,True,0.0
11,mp-729184,B,P2/c,1.498615078583334,0.5116,1.4986150785833336,0.0007432,NM,1.858e-05,0,False,1.858e-05
12,mp-1228790,B,R-3m,0.1906845795000013,0.0,0.1906845795000009,1.3e-06,NM,1.238095238095238e-08,0,True,1.238095238095238e-08
13,mp-161,B,R-3m,0.0269762281666674,0.0,0.0269762281666672,1e-07,NM,9.523809523809524e-10,0,False,9.523809523809524e-10
14,mp-1104251,B,R-3m,0.214667033500001,0.0,0.2146670335000013,0.0005542,NM,3.694666666666667e-05,0,False,3.694666666666667e-05
15,mp-1079437,FeB4,Pnnm,-0.1707829783333338,0.0,0.0068451468333368,7.9e-06,NM,3.95e-06,0,False,9.875e-07
16,mp-12570,ThB12,Fm-3m,-0.2534662107692294,0.0,0.0096971426923078,0.0,NM,0.0,0,False,0.0
17,mp-493,Co2B,I4/mcm,-0.2443667130555553,0.0,0.0236850566666664,4.0339395,FM,2.01696975,4,False,2.01696975
18,mp-22266,GdB6,Pm-3m,-0.4566200349999992,0.0,0.0,6.839141,FM,6.839141,1,False,1.1398568333333332
19,mp-585,MnB2,P6/mmm,-0.2905682387547894,0.0,0.0927278444444361,2.933335,FM,2.933335,1,False,1.4666675
20,mp-1096825,B6Pb,Pm-3m,0.1151000150000009,0.9206000000000004,0.1151000149999923,0.0001254,NM,0.0001254,0,True,2.0900000000000003e-05
21,mp-10255,Nb3B4,Immm,-0.7657891780952377,0.0,0.0,0.0,NM,0.0,0,False,0.0
22,mp-7991,BN,P6_3/mmc,-1.4611192995833324,3.9617,0.0002607300000008,0.0,NM,0.0,0,False,0.0
23,mp-7229,B5Mo2,R-3m,0.065427077738096,0.0,0.4354736101190504,0.0189101,NM,0.0189101,0,False,0.0037820199999999
24,mp-684709,K3B17,I4/mmm,0.0921417762583331,0.1434999999999999,0.1182718158083329,0.1403349,NM,0.07016745,0,True,0.0041274970588235
25,mp-800,TmB2,P6/mmm,-0.6522547150000003,0.0,0.0,2.9e-06,NM,2.9e-06,0,False,1.45e-06
26,mp-1217367,Th2B15,P4/mmm,-0.3914259716176469,0.0,0.0110591572058824,0.001834,NM,0.000917,0,True,6.113333333333333e-05
27,mp-1080021,Nb2B3,Cmcm,-0.7472915165000004,0.0,0.0,0.0,NM,0.0,0,False,0.0
28,mp-569128,SiB3,Imma,-0.0402279506249998,1.4080000000000004,0.0,0.0,NM,0.0,0,False,0.0
29,mp-1192099,BO3,P3_2,-0.9142760351041672,0.0,0.8349862688020835,17.9999042,FM,2.9999840333333334,18,False,2.9999840333333334
30,mp-758800,B84O11,P1,-0.6331808554342112,2.5780000000000003,0.0196611005263154,0.001742,NM,0.001742,0,True,2.073809523809524e-05
31,mp-1386486,BC5,P-1,2.8466256038888886,0.0,2.867530789201393,6.57e-05,NM,3.285e-05,0,True,3.285e-05
32,mp-7700,SiB6,Pm-3m,0.4559366792857143,0.0465999999999997,0.4789240796428569,1e-07,NM,1e-07,0,False,1.6666666666666667e-08
33,mp-1097,TaB,Cmcm,-0.8128741745833317,0.0,0.0,4e-07,NM,2e-07,0,False,2e-07
34,mp-965,TbB2,P6/mmm,-0.5270450061111104,0.0,0.0,4.7e-06,NM,4.7e-06,0,False,2.35e-06
35,mp-1071504,Ti2B,I4/mcm,0.1606498597222211,0.0,0.7153529880555549,0.0192567,NM,0.00962835,0,True,0.00962835
36,mp-1245924,TiB12,Fm-3m,-0.0935795025641025,0.0,0.1500362960256405,0.0013905,NM,0.0013905,0,True,0.000115875
37,mp-616575,MnB,P4_2/ncm,-0.0007014422988502,0.0,0.4997346450000011,8.0605966,FM,1.007574575,8,False,1.007574575
38,mp-1104905,TmB12,Fm-3m,-0.2515251789743583,0.0,0.0,0.0,NM,0.0,0,False,0.0
39,mp-1228623,BC,P-6m2,0.5973668766666664,0.0,0.6600824326041677,0.0004918,NM,0.0004918,0,True,0.0004918
40,mp-1183146,BAu3,Fm-3m,0.8769440827083339,0.0,0.8769440827083339,0.0002553,NM,0.0002553,0,True,0.0002553
41,mp-1079053,B2Mo3,P4/mbm,-0.3703142616666667,0.0,0.0314735939999994,0.0,NM,0.0,0,False,0.0
42,mp-13151,BN,P4_2/mnm,-1.2822043833333332,4.7783,0.17917564625,0.0002724,NM,6.81e-05,0,True,6.81e-05
43,mp-1078253,MnB4,Pnnm,-0.2819452179195394,0.0,0.0076388620000003,1.3649548,FM,0.6824774,2,False,0.17061935
44,mp-1199451,B2S3,I4_1/a,-0.735364399101667,2.5061,0.0,5.1e-06,NM,1.02e-07,0,False,5.1e-08
45,mp-1183252,BIr,P-6m2,-0.200506019583333,0.0,0.0,0.0,NM,0.0,0,True,0.0
46,mp-1221769,Mn4B,F222,-0.1350886091781618,0.0,0.1030640468275869,0.0002964,NM,0.0001482,0,True,0.0001482
47,mp-1080698,Fe3B,P6_322,0.0307551977083342,0.0,0.2613752812500003,11.824489,FM,5.9122445,6,True,5.9122445
48,mp-1103809,NpB12,Fm-3m,-0.2138517475961532,0.0,0.0,3.5665569,FM,3.5665569,1,False,0.297213075
49,mp-1245297,BN,P1,-0.635931230883333,1.0362,0.8254487987000001,0.0066455,NM,0.00013291,0,True,0.00013291
50,mp-629015,BN,P6_3/mmc,-1.457822842083333,3.9745,0.0035571875000002,0.0,NM,0.0,0,True,0.0
51,mp-1002183,TcB,Pm-3m,0.1357074129166662,0.0,0.5208401765909123,0.0019581,NM,0.0019581,0,True,0.0019581
52,mp-1104585,HoB12,Fm-3m,-0.2510495838461537,0.0,0.0,2e-07,NM,2e-07,0,False,1.6666666666666667e-08
53,mp-1228730,B24Mo7,P-6m2,-0.1403889248387095,0.0,0.1520672055913952,0.0025306,NM,0.0025306,0,True,0.0001054416666666
54,mp-1187032,Sn3B,I4/mmm,0.921080893958333,0.0,0.921080893958333,0.0003453,NM,0.0003453,0,True,0.0003453
55,mp-1102394,Nb5B6,Cmmm,-0.7659120259090909,0.0,0.0012770063636367,0.0,NM,0.0,0,False,0.0
56,mp-569803,B2W,P6_3/mmc,-0.3329432327777771,0.0,0.0,0.0,NM,0.0,0,False,0.0
57,mp-10145,YbB2,P6/mmm,-0.2122027627777777,0.0,0.178852500833333,0.0005989,NM,0.0005989,0,False,0.00029945
58,mp-1222412,LiB3,P4/mmm,-0.1131914752083327,0.1282000000000001,0.1238615012499995,3.74e-05,NM,1.87e-05,0,True,6.2333333333333335e-06
59,mp-997617,BOs,P-6m2,-0.2368548095833329,0.0,0.0,0.0,NM,0.0,0,True,0.0
60,mp-1080664,CrB,I4_1/amd,-0.5294658558333332,0.0,0.0,0.0,NM,0.0,0,False,0.0
61,mp-2267,HoB2,P6/mmm,-0.5925310861111098,0.0,0.0,6.5e-06,NM,6.5e-06,0,False,3.25e-06
62,mp-978989,Tc7B3,P6_3mc,-0.3185272267500011,0.0,0.0,1e-07,NM,5e-08,0,False,1.6666666666666667e-08
63,mp-7817,YB12,Fm-3m,-0.2439182797435896,0.0,0.0,0.0,NM,0.0,0,False,0.0
64,mp-1338697,B5H9,P4_3,-0.164378174702381,5.964700000000001,0.0192347789204632,0.0,NM,0.0,0,True,0.0
65,mp-10118,Mn3B4,Immm,-0.4073655486371095,0.0,0.0428676797619047,7.0516034,FM,7.0516034,3,False,1.76290085
66,mp-13415,Ta3B2,P4/mbm,-0.6724638266666674,0.0,0.0,0.0,NM,0.0,0,False,0.0
67,mp-1346,B6O,R-3m,-0.8054543612499998,1.9938,0.0,0.0,NM,0.0,0,False,0.0
68,mp-1004377,HfB6,Pm-3m,0.099437857857144,0.0,0.535674840476192,0.0013815,NM,0.0013815,0,True,0.0002302499999999
69,mp-2536,Ni2B,I4/mcm,-0.2897221180555552,0.0,0.0,0.0,NM,0.0,0,False,0.0
70,mp-978855,Sn3B,Pm-3m,0.9310438489583333,0.0,0.9310438489583333,0.0097396,NM,0.0097396,0,True,0.0097396
71,mp-20689,Nb3B2,P4/mbm,-0.6315941196666671,0.0,0.0,0.0,NM,0.0,0,False,0.0
72,mp-861943,BPt3,P6_3/mmc,-0.0186873372916664,0.0,0.1129917375000006,0.0004383,NM,0.00021915,0,True,0.00021915
73,mp-12062,AgB2,P6/mmm,0.5238218650000004,0.0,0.5238218649999995,0.0006201,NM,0.0006201,0,False,0.00031005
74,mp-8546,SmB4,P4/mbm,-0.5836938178333334,0.0,0.0,0.0,NM,0.0,0,False,0.0
75,mp-1200183,BS2,P2_1/c,-0.3055645490277775,0.0,0.4240368763194455,12.007029,FM,1.00058575,12,False,1.00058575
76,mp-1032,Ta2B,I4/mcm,-0.5240559813888895,0.0,0.0363305408333332,0.0,NM,0.0,0,False,0.0
77,mp-1245212,B2O3,P1,-2.676725261116666,4.4325,0.1220944251333335,0.0,NM,0.0,0,True,0.0
78,mp-530274,Al23B50,P-1,-0.0545803088812789,0.0,0.0,4e-07,NM,4e-07,0,True,7.999999999999999e-09
79,mp-1190529,BPd5,P2_1/c,-0.2177045856944441,0.0,0.0,0.0010983,NM,0.000274575,0,True,0.000274575
80,mp-1890,BMo,I4_1/amd,-0.5022348195833324,0.0,0.0,0.0,NM,0.0,0,False,0.0
81,mp-28366,Gd2B5,P2_1/c,-0.5845295036904748,0.0,0.0,0.0731671,FiM,0.018291775,8,False,0.003658355
82,mp-569424,Cr2B,Fddd,-0.3718065338888887,0.0,0.0,8e-07,NM,2e-07,0,False,2e-07
83,mp-10143,TiB,F-43m,0.7207276087499999,0.0,1.5527823012499995,0.0071934,NM,0.0071934,0,False,0.0071934
84,mp-1094049,SnB6,Pm-3m,0.173927298571429,0.7525000000000004,0.1739272985714288,0.0001256,NM,0.0001256,0,True,2.093333333333333e-05
85,mp-1189845,FeB,P4_2/ncm,-0.0312248970833328,0.0,0.3483219699999997,8.2879874,FM,1.035998425,8,False,1.035998425
86,mp-1103888,YbB12,Fm-3m,-0.1651435576923078,0.0,0.0827516311538456,5.8e-06,NM,5.8e-06,0,False,4.833333333333334e-07
87,mp-624,B6As,R-3m,-0.1703141307142855,2.6454000000000004,0.0,0.0,NM,0.0,0,False,0.0
88,mp-604884,BN,P-6m2,-1.457241514583334,4.3683,0.0041385149999992,0.0,NM,0.0,0,True,0.0
89,mp-685078,K11B62,Pm,0.1352349105296815,0.0,0.1613438944474881,0.0242259,NM,0.0242259,0,True,0.0003907403225806
90,mp-1077506,BN,Imm2,-1.1596577804166657,0.9469999999999992,0.3017222491666675,0.0001283,NM,4.2766666666666665e-05,0,True,4.2766666666666665e-05
91,mp-978495,SiB,P6_3mc,0.3849925629166666,0.0,0.4118111966666662,0.0003061,NM,0.00015305,0,True,0.00015305
92,mp-1238815,B4C,Cm,-0.1003448895,3.0415,0.0,0.0,NM,0.0,0,True,0.0
93,mp-714851,BN,P1,-1.363197862083334,2.8663,0.0981821674999992,1.48e-05,NM,1.48e-05,0,True,1.48e-05
94,mp-365,MgB4,Pnma,-0.1388331633333329,0.3735999999999997,0.0,0.0,NM,0.0,0,False,0.0
95,mp-1103120,LiB11,I-4m2,0.6697516046527786,0.0,0.7487692634722221,0.0009569,NM,0.0009569,0,True,8.69909090909091e-05
96,mp-1184492,In3B,Fm-3m,0.9109000777083334,0.0,0.9109000777083334,0.0001341,NM,0.0001341,0,True,0.0001341
97,mp-685145,BN,Fmm2,-1.4550472670833337,3.2495000000000003,0.0063327624999995,0.0,NM,0.0,0,False,0.0
98,mp-1101854,LiB11,I-4m2,0.7515439263194459,0.0,0.8305615851388897,0.000578,NM,0.000578,0,True,5.254545454545454e-05
99,mp-1108,TaB2,P6/mmm,-0.6492166861111102,0.0,0.0,0.0,NM,0.0,0,False,0.0
100,mp-1245301,BN,P1,-0.8400281440833328,0.8285,0.6213518855000011,0.0009471,NM,1.8942e-05,0,True,1.8942e-05
101,mp-13150,BN,R3m,-1.4593425520833332,4.3887,0.0020374775,0.0,NM,0.0,0,True,0.0
102,mp-1025170,Ti3B4,Immm,-0.9328539909523812,0.0,0.0,0.0,NM,0.0,0,False,0.0
103,mp-29654,B9H11,Pccn,-0.1890060343749993,2.9118,0.0,0.0,NM,0.0,0,False,0.0
104,mp-1006880,BiB,F-43m,0.7965304954166665,0.0922,0.7965304954166665,0.0001848,NM,0.0001848,0,True,0.0001848
105,mp-10142,Ta3B4,Immm,-0.773151200952381,0.0,0.0,0.0,NM,0.0,0,False,0.0
106,mp-1239206,BC3,I-43m,0.2487937142708336,0.0,0.2801514922395842,0.000394,NM,4.925e-05,0,True,4.925e-05
107,mp-639154,Co23B6,Fm-3m,-0.1479127555172416,0.0,0.018464204999999,35.1610391,FM,35.1610391,23,False,5.860173183333334
108,mp-29953,Na2B29,Imm2,0.0048062003568779,0.0,0.055172106367741,0.0069913,NM,0.0069913,0,True,0.0002410793103448
109,mp-27200,B13H19,P2_1/c,-0.1599821498958338,2.7669,0.0266131349751326,0.0006628,NM,0.0001657,0,False,1.2746153846153844e-05
110,mp-1215015,BOs,P-1,0.1692345891666669,0.0,0.4060893987499998,0.0017001,NM,0.000425025,0,True,0.000425025
111,mp-999120,TcB,P6_3/mmc,-0.2223849345833333,0.0,0.1627478290909128,0.0002465,NM,0.00012325,0,True,0.00012325
112,mp-1104066,TbB12,Fm-3m,-0.2480161776923079,0.0,0.0,0.0,NM,0.0,0,False,0.0
113,mp-1105080,BPd6,Fddd,-0.1936279320238096,0.0,0.0057288535714281,0.0001454,NM,7.27e-05,0,True,7.27e-05
114,mp-1188147,B4Os,P6_3/mmc,0.6549123211666668,0.0,0.7827130438333363,0.000214,NM,5.35e-05,0,True,1.3375e-05
115,mp-776402,B10H13,Pbca,-0.1816233826811588,3.206,0.0065708949660328,0.0,NM,0.0,0,False,0.0
116,mp-601223,BN,P6_3/mmc,1.1006231079166664,0.0,2.5620031375,9.04e-05,NM,4.52e-05,0,True,4.52e-05
117,mp-1639,BN,F-43m,-1.384026062083333,4.4506,0.0773539675000005,0.0006126,NM,0.0006126,0,False,0.0006126
118,mp-1095514,BC5,P-1,0.2827708422222213,0.0,0.3036760275347259,0.0006096,NM,0.0003048,0,True,0.0003048
119,mp-12763,TbB6,Pm-3m,-0.416075649285714,0.0,0.0201847799999992,0.0,NM,0.0,0,False,0.0
120,mp-1004525,SmB12,Fm-3m,-0.2275494834615378,0.0,0.0174502603846162,0.0,NM,0.0,0,True,0.0
121,mp-23184,BCl3,P6_3/m,-1.4336250847916658,4.7135,0.0,0.0,NM,0.0,0,False,0.0
122,mp-2091,V3B2,P4/mbm,-0.7226935446666658,0.0,0.0,0.0,NM,0.0,0,False,0.0
123,mp-984,BN,P6_3/mmc,-1.4613800295833332,4.273999999999999,0.0,0.0,NM,0.0,0,False,0.0
124,mp-1756,ThB6,Pm-3m,-0.4887319421428567,0.0,0.0,1e-07,NM,1e-07,0,False,1.6666666666666667e-08
125,mp-13854,B3Ru2,P6_3/mmc,-0.3316785064999991,0.0,0.0,0.0,NM,0.0,0,False,0.0
126,mp-1060982,CsB,Fm-3m,2.1456535114511497,0.0,2.1456535114511497,1.9844447,FM,1.9844447,1,False,1.9844447
127,mp-1187632,Tl3B,Fm-3m,0.9822966577083334,0.0,0.9822966577083334,0.0017338,NM,0.0017338,0,True,0.0017338
128,mp-1205309,LiB,Imma,-0.0949395112499997,0.3813999999999999,0.0708820450000002,3e-07,NM,1.5e-07,0,True,1.5e-07
129,mp-984728,BC,P6_3mc,0.4999176241666667,0.0,0.562633180104168,0.001636,NM,0.000818,0,True,0.000818
130,mp-28395,B6P,R-3m,-0.2902561697619045,2.4757,0.0,0.0,NM,0.0,0,False,0.0
131,mp-9208,V2B3,Cmcm,-0.7982462725000005,0.0,0.0,0.0,NM,0.0,0,False,0.0
132,mp-862847,PaB3,P6_3/mmc,-0.2006914643749988,0.0,0.0,0.0,NM,0.0,0,True,0.0
133,mp-27798,B4H5,P2_1/c,-0.176355828310185,2.8803,0.0123538504340459,0.0006674,NM,4.17125e-05,0,False,1.0428125e-05
134,mp-569405,B3H5,P2_1/c,-0.1730847102083335,3.6391,0.0116127275047253,0.0028683,NM,0.000239025,0,False,7.9675e-05
135,mp-1016262,Mg7B,P-6m2,0.3574743701041667,0.0,0.3819159881249998,0.0028733,NM,0.0028733,0,True,0.0028733
136,mp-862984,PmB3,P6_3/mmc,-0.1015338237499996,0.0,0.0,0.0,NM,0.0,0,True,0.0
137,mp-1077743,BC5,Imm2,0.2526929372222213,0.0,0.273598122534727,9.39e-05,NM,9.39e-05,0,True,9.39e-05
138,mp-1296,ErB6,Pm-3m,-0.3664476435714273,0.0,0.0641711866071439,0.0,NM,0.0,0,False,0.0
139,mp-706937,B9H11,P2_1/c,-0.1863846649374999,3.319,0.0026213694375085,4e-07,NM,5e-08,0,False,5.555555555555555e-09
140,mp-12054,Cr2B3,Cmcm,-0.4278752324999999,0.0,0.0281113124999965,0.0048854,NM,0.0024427,0,False,0.0008142333333333
141,mp-12569,PrB4,P4/mbm,-0.5431924088333332,0.0,0.0,0.0,NM,0.0,0,False,0.0
142,mp-1080030,BC7,P3m1,0.2347740672916654,0.0,0.2504529562760407,0.0035369,NM,0.0035369,0,True,0.0035369
143,mp-1097873,NdB4,C2/m,0.2304421431666675,0.0,0.7919851270000002,0.0008364,NM,0.0008364,0,True,0.0002091
144,mp-20787,FeB,Pnma,-0.3715626445833324,0.0,0.0079842225000001,4.6730965,FM,1.168274125,4,False,1.168274125
145,mp-505534,PuB6,Pm-3m,-0.3869568349999994,0.0,0.0048747883035726,5.4662987,FM,5.4662987,1,False,0.9110497833333334
146,mp-972733,Si3B,P6_3/mmc,0.9099000589583328,0.0,0.9233093758333332,0.0025783,NM,0.00128915,0,True,0.00128915
147,mp-971853,Zn3B,Pm-3m,0.6203578677083335,0.0,0.6203578677083335,0.0045132,NM,0.0045132,0,True,0.0045132
148,mp-1205418,B4W,P4/mbm,0.5012125466666675,0.0,0.7009784863333381,0.292338,NM,0.0730845,0,False,0.018271125
149,mp-530074,B4C,P1,-0.0030131842619044,0.0,0.0973317052380959,0.7139296,NM,0.0509949714285714,0,True,0.0127487428571428
150,mp-540668,BS2,P2_1/c,-0.7296014253472224,2.4370000000000003,0.0,0.0,NM,0.0,0,False,0.0
151,mp-530033,B8O,P2_1/m,-0.6043091028240747,2.4459,0.0221554003703703,0.0,NM,0.0,0,True,0.0
152,mp-1199460,BCl,Pa-3,-0.9443372933333324,0.0,0.0114127631944418,0.5917384,NM,0.0123278833333333,0,False,0.0123278833333333
153,mp-997618,BSb,F-43m,0.2739727504166671,0.7506000000000004,0.2739727504166671,0.0002022,NM,0.0002022,0,True,0.0002022
154,mp-1228647,B3Ir2,C2/m,-0.0995515894999996,0.0,0.0608532261666745,0.0010676,NM,0.0005338,0,True,0.0001779333333333
155,mp-27757,Be4B,P4/nmm,-0.0167171388333329,0.0,0.0,0.0,NM,0.0,0,False,0.0
156,mp-1183263,BOs3,P6_3/mmc,0.7774974827083323,0.0,0.8959248874999997,0.300262,FM,0.150131,2,True,0.150131
157,mp-1238837,BH,C2/c,-0.0746861039583327,0.0,0.0971375636553082,3.9975683,NM,0.1665653458333333,0,True,0.1665653458333333
158,mp-1059907,KB,Fm-3m,2.085555408916667,0.0,2.1009260204166664,6.89e-05,NM,6.89e-05,0,False,6.89e-05
159,mp-306,B2O3,P3_121,-2.79881968625,6.3017,0.0,0.0,NM,0.0,0,False,0.0
160,mp-1228811,B11Rh18,P1,-0.2876766896839087,0.0,0.0167822630172427,4e-07,NM,4e-07,0,True,3.636363636363636e-08
161,mp-20467,PuB4,Cmmm,-0.5052714868333326,0.0,0.0,19.5425668,FM,4.8856417,4,False,1.221410425
162,mp-696746,B4C,R-3m,-0.0290081534999994,1.5149,0.071336736000001,0.0,NM,0.0,0,False,0.0
163,mp-685043,BBr,P1,-0.651382542916666,1.2319,0.0089148436111088,0.0,NM,0.0,0,True,0.0
164,mp-14019,NiB,Cmcm,-0.2421315645833326,0.0,0.0029555482291669,0.0,NM,0.0,0,False,0.0
165,mp-1025149,Ti2B,I4/mcm,-0.3944021519444452,0.0,0.1603009763888883,0.0057288,NM,0.0028644,0,True,0.0028644
166,mp-633538,B9C,P1,0.3149633280000003,0.0,0.3686381892083332,0.0005278,NM,0.0002639,0,True,2.9322222222222223e-05
167,mp-15809,Cr2B,I4/mcm,-0.3709081797222211,0.0,0.0008983541666687,0.0,NM,0.0,0,False,0.0
168,mp-534,B13N2,R-3m,-0.254207581944443,0.0,0.1354937592777796,0.9997988,FM,0.9997988,1,False,0.0769075999999999
169,mp-1186194,Np3B,Fm-3m,0.2933839511458327,0.0,0.4463718182812499,0.8125938,FM,0.8125938,1,True,0.8125938
170,mp-971859,Zn3B,I4/mmm,0.6166455127083335,0.0,0.6166455127083335,0.0002992,NM,0.0002992,0,True,0.0002992
171,mp-1189303,TaB4,P6_3/mmc,0.0703713846666673,0.0,0.4599013963333336,0.001409,NM,0.00035225,0,True,8.80625e-05
172,mp-984718,BAs,P6_3mc,-0.0098324945833327,1.1428000000000005,0.0895174150000022,9.05e-05,NM,4.525e-05,0,True,4.525e-05
173,mp-1479,BP,F-43m,-0.4074876612499993,1.2434999999999992,0.0,0.0,NM,0.0,0,False,0.0
174,mp-1188425,NpB4,Cmmm,-0.418896936083334,0.0,0.0,13.5489325,FM,3.387233125,4,False,0.84680828125
175,mp-1183296,BPb3,Cmcm,0.9857691827083336,0.0,0.9857691827083336,0.0129889,NM,0.00649445,0,True,0.00649445
176,mp-1247928,BCl,P1,-0.2390096365277772,0.0309999999999999,0.716740419999998,0.0005415,NM,3.008333333333333e-05,0,True,3.008333333333333e-05
177,mp-1019317,TcB2,P6_3/mmc,-0.4406373777777783,0.0,0.0,1e-07,NM,5e-08,0,False,2.5e-08
178,mp-978886,SnB,P6_3mc,0.7711706804166676,0.0,0.7711706804166676,0.0002744,NM,0.0001372,0,True,0.0001372
179,mp-1007881,FeB,Cmcm,-0.3736975395833326,0.0,0.0058493275,3.8281656,FM,1.9140828,2,False,1.9140828
180,mp-1105563,GdB4,P4/mbm,-0.5975773188333321,0.0,0.0,2e-07,AFM,5e-08,4,False,1.25e-08
181,mp-7857,TiB,Pnma,-0.8320546924999999,0.0,0.0,0.0,NM,0.0,0,False,0.0
182,mp-1078278,CrB4,Pnnm,-0.3090279233333319,0.0,0.0,0.0,NM,0.0,0,False,0.0
183,mp-1084,ZrB12,Fm-3m,-0.2119791638461532,0.0,0.0158726867948724,0.0,NM,0.0,0,False,0.0
184,mp-1077,B2Ru,Pmmn,-0.2859049244444437,0.0,0.0,2e-07,NM,1e-07,0,False,5e-08
185,mp-1016250,Mg3B,Pmm2,0.6071130627083332,0.0,0.6559962987499999,1.15e-05,NM,1.15e-05,0,True,1.15e-05
186,mp-569376,FeB2,P6/mmm,-0.0514588894444448,0.0,0.2445879858333333,0.7513609,FM,0.7513609,1,False,0.37568045
187,mp-8772,ScB12,Fm-3m,-0.2111460919230759,0.0,0.0,0.0,NM,0.0,0,False,0.0
188,mp-1096797,HgB6,Pm-3m,0.4055880399999998,0.0,0.4055880399999925,0.0003885,NM,0.0003885,0,True,6.475e-05
189,mp-1929,NdB6,Pm-3m,-0.4753213203571422,0.0,0.0,0.0,NM,0.0,0,False,0.0
190,mp-1190213,ReB4,P6_3/mmc,0.5578862046666672,0.0,0.8145960863333368,8.15e-05,NM,2.0375e-05,0,True,5.09375e-06
191,mp-451,ZrB,Fm-3m,-0.3737490845833333,0.0,0.3667694299999997,0.0008305,NM,0.0008305,0,False,0.0008305
192,mp-1186020,Na3B,Fm-3m,0.8400389027945405,0.0,0.8574022788318965,0.5383943,NM,0.5383943,0,True,0.5383943
193,mp-1060281,BN,I4/mmm,-0.6558043470833326,3.5086,0.8055756825000007,0.0,NM,0.0,0,True,0.0
194,mp-1191193,BiB5,P-1,1.1820314881944451,0.0,1.1820314881944451,1.2975957,FM,0.324398925,2,False,0.064879785
195,mp-27820,B7H10,P2_12_12_1,-0.1549386710539224,2.5117,0.0319915280213889,2.77e-05,NM,3.4625e-06,0,False,4.946428571428571e-07
196,mp-2192,BPt,P6_3/mmc,0.0702043754166679,0.0,0.2018834502083404,0.0027082,NM,0.0013541,0,True,0.0013541
197,mp-1183580,Cd3B,I4/mmm,0.8491517252083338,0.0,0.8491517252083338,0.0002952,NM,0.0002952,0,True,0.0002952
198,mp-1103476,DyB12,Fm-3m,-0.2500807292307686,0.0,0.0,1e-07,NM,1e-07,0,False,8.333333333333334e-09
199,mp-1063752,BRh,P6_3/mmc,-0.1644120795833323,0.0,0.2135502750000002,3.68e-05,NM,1.84e-05,0,False,1.84e-05
200,mp-21502,BRh2,Pnma,-0.1930878813888874,0.0,0.0744669558333326,0.0018983,NM,0.000474575,0,False,0.000474575
201,mp-1196893,B3Pd16,C2/c,-0.2085972067105262,0.0,0.0023476631578942,1e-07,NM,5e-08,0,True,1.6666666666666667e-08
202,mp-1226103,Co4B,Pm,-0.1041259958333332,0.0,0.0567050659999992,15.6448602,FM,5.2149534,12,True,5.2149534
203,mp-2501,BMo2,I4/mcm,-0.3164989330555556,0.0,0.0183242799999998,1e-07,NM,5e-08,0,False,5e-08
204,mp-580,PuB2,P6/mmm,-0.4013453227777776,0.0,0.0197142495833322,4.0148694,FM,4.0148694,1,False,2.0074347
205,mp-1915,Fe2B,I4/mcm,-0.3074934447222214,0.0,0.0,9.2991168,FM,4.6495584,4,False,4.6495584
206,mp-29721,B3H5,Cmc2_1,-0.1464263528125,3.8726,0.0382710849005585,0.0,NM,0.0,0,False,0.0
207,mp-1183667,B4H5,P2_1/c,-0.1723789683101849,2.8507,0.0163307104340457,0.0001685,NM,1.053125e-05,0,True,2.6328125e-06
208,mp-619,UB4,P4/mbm,-0.5080195338333325,0.0,0.0,0.0012504,NM,0.0003126,0,False,7.815e-05
209,mp-1188836,V5B3,I4/mcm,-0.6196104809375012,0.0,0.0579147171874989,0.000793,NM,0.0003965,0,True,0.0001321666666666
210,mp-1087495,Tc3B,Cmcm,-0.2681682285416666,0.0,0.0,0.0,NM,0.0,0,False,0.0
211,mp-2252,ScB2,P6/mmm,-0.8388382277777767,0.0,0.0,4e-07,NM,4e-07,0,False,2e-07
212,mp-758933,B8O,C2/m,-0.6004884509722227,2.3536,0.0259760522222221,3.52e-05,NM,5.866666666666667e-06,0,True,7.333333333333333e-07
213,mp-1002188,TcB,P-6m2,-0.2824013970833334,0.0,0.1027313665909126,0.0020834,NM,0.0020834,0,True,0.0020834
214,mp-1104127,NiB12,Fm-3m,0.2567024369230768,0.0,0.2944081465865382,0.0167731,FM,0.0167731,1,False,0.0013977583333333
215,mp-1113,BW2,I4/mcm,-0.2618635430555542,0.0,0.0,1.07e-05,NM,5.35e-06,0,False,5.35e-06
216,mp-1238821,Si3B,Pm-3m,0.9601961827083336,0.0,0.973605499583334,3.64e-05,NM,3.64e-05,0,True,3.64e-05
217,mp-1104594,B5Mo2,P6_3/mmc,0.4274029984523813,0.0,0.7974495308333358,0.0001779,NM,8.895e-05,0,True,1.7789999999999997e-05
218,mp-542758,Fe23B6,Fm-3m,-0.1692901963793106,0.0,0.0215678037931024,57.7233324,FiM,57.7233324,29,True,9.6205554
219,mp-1244943,BN,P1,-0.8046508615833329,1.1885,0.6567291680000018,0.0036734,NM,7.3468e-05,0,True,7.3468e-05
220,mp-1228630,B13P,R3m,-0.0262798701785708,0.0,0.1188482147023846,0.0045421,NM,0.0045421,0,True,0.0003493923076923
221,mp-983230,Ga3B,Pm-3m,0.7340981970833336,0.0,0.7340981970833336,0.0002588,NM,0.0002588,0,True,0.0002588
222,mp-640067,Ni4B3,Pnma,-0.2800995574999995,0.0,0.0,0.0,NM,0.0,0,False,0.0
223,mp-1002184,TcB,F-43m,0.7205519029166663,0.0,1.1056846665909124,0.0047319,NM,0.0047319,0,True,0.0047319
224,mp-1002187,TcB,Fm-3m,-0.0077713770833334,0.0,0.3773613865909127,0.0454974,NM,0.0454974,0,True,0.0454974
225,mp-568225,TbB4,P4/mbm,-0.5994054473333321,0.0,0.0,0.0,NM,0.0,0,False,0.0
226,mp-1222698,Li2B,P-3m1,0.3666713613888894,0.0,0.4772190655555555,0.0004644,NM,0.0004644,0,True,0.0004644
227,mp-20857,CoB,Pnma,-0.4020776545833335,0.0,0.0,0.0,NM,0.0,0,False,0.0
228,mp-979412,Th3B,Pm-3m,0.5423116552083327,0.0,0.7365214943750003,0.0009024,NM,0.0009024,0,True,0.0009024
229,mp-16726,LiB,Pnma,-0.09510223875,0.0,0.0707193175,9.6e-06,NM,2.4e-06,0,True,2.4e-06
230,mp-568748,Fe2B,P4/mmm,0.0661107302777779,0.0,0.3736041749999996,4.1161196,FM,4.1161196,2,True,4.1161196
231,mp-2653,BN,P6_3mc,-1.3666759095833338,5.1976,0.0947041199999993,8.59e-05,NM,4.295e-05,0,False,4.295e-05
232,mp-1184351,Ga3B,P6_3/mmc,0.5120426958333337,0.0,0.5120426958333337,4.87e-05,NM,2.435e-05,0,True,2.435e-05
233,mp-2315,NaB15,Imma,-0.0500591849407321,0.0,0.0,0.0,NM,0.0,0,False,0.0
234,mp-2680,LaB6,Pm-3m,-0.5622244371428563,0.0,0.0,1.5e-06,NM,1.5e-06,0,False,2.5e-07
235,mp-1184555,Ge3B,Fm-3m,0.984134998958334,0.0,0.984134998958334,0.0004714,NM,0.0004714,0,True,0.0004714
236,mp-28893,ReB,I4_1/amd,0.0127896016666664,0.0,0.3508577327499953,0.0002117,NM,2.64625e-05,0,False,2.64625e-05
237,mp-717,B2O3,Cmc2_1,-2.7731687479166665,8.3751,0.0256509383333334,0.0,NM,0.0,0,False,0.0
238,mp-1180507,LiB11,R3m,0.1293793796527786,0.0,0.2083970384722224,0.0001083,NM,0.0001083,0,True,9.845454545454546e-06
239,mp-1004756,NdB12,Fm-3m,-0.2062264705769223,0.0,0.0497157788461537,0.0,NM,0.0,0,True,0.0
240,mp-1228640,B12S,R3m,-0.0187376571634613,1.7964000000000002,0.0755398299008556,2.37e-05,NM,2.37e-05,0,True,1.975e-06
241,mp-576,B13C2,R-3m,-0.0715664816111105,0.0,0.0,2e-07,NM,2e-07,0,False,1.5384615384615385e-08
242,mp-706664,B10H13,P2_1/c,-0.1827051500724631,3.3079,0.0054891275747284,0.4177822,NM,0.052222775,0,False,0.0052222775
243,mp-569270,V3B4,Immm,-0.8187663323809521,0.0,0.0,0.0,NM,0.0,0,False,0.0
244,mp-1472,ZrB2,P6/mmm,-0.987358019444444,0.0,0.0,1e-07,NM,1e-07,0,False,5e-08
245,mp-1216517,V3B100,P222,-0.031766384822006,0.0,0.0327932938673143,0.0001475,NM,0.0001475,0,True,1.475e-06
246,mp-1014246,ZrB,P6_3/mmc,-0.4109183720833327,0.0,0.3296001425000003,0.0012339,NM,0.00061695,0,True,0.00061695
247,mp-1083,NpB2,P6/mmm,-0.4079676456944447,0.0,0.0,2.8991862,FM,2.8991862,1,False,1.4495931
248,mp-1105976,LiB9,P6_3cm,0.0360676614166671,0.0,0.1308888520000009,0.0002623,NM,0.00013115,0,True,1.457222222222222e-05
249,mp-29292,B10H13,I4_1cd,-0.1826413250724632,3.3318000000000003,0.0055529525747282,1.11e-05,NM,1.3875e-06,0,False,1.3875e-07
250,mp-1103613,LiB11,F-43m,0.2638527021527785,0.0,0.3428703609722223,0.0002252,NM,0.0002252,0,True,2.0472727272727277e-05
251,mp-1104892,PuB12,Fm-3m,-0.2609394730769222,0.0,0.0,4.4623935,FM,4.4623935,1,False,0.371866125
252,mp-29783,B5H9,P4_1,-0.1638393173809526,5.9591,0.0197736362418909,0.0,NM,0.0,0,False,0.0
253,mp-29651,B4W,P6_3/mmc,0.401077707666667,0.0,0.6008436473333374,0.0015609,NM,0.000390225,0,False,9.755625e-05
254,mp-10681,B2Au,P6/mmm,0.6686477705555559,0.0,0.6686477705555545,1.7e-06,NM,1.7e-06,0,False,8.5e-07
255,mp-1077788,BPt2,P6_3/mmc,-0.1755720997222217,0.0,0.0,0.0,NM,0.0,0,False,0.0
256,mp-2765,PuB,Fm-3m,0.5020033604166674,0.0,0.8177980396874993,5.0944544,FM,5.0944544,1,False,5.0944544
257,mp-1228665,BPd5,I4/mmm,-0.0852094548611101,0.0,0.1324951308333339,0.0006004,NM,0.0006004,0,True,0.0006004
258,mp-1245185,B2O3,P1,-2.690377930616666,4.0799,0.1084417556333328,0.0,NM,0.0,0,True,0.0
259,mp-1079348,B3Os2,P6_3/mmc,-0.253577860499999,0.0,0.0,0.0,NM,0.0,0,False,0.0
260,mp-1067451,TcB,P6_3mc,4.132634945416666,1.3759999999999994,4.517767709090912,3.9989475,FiM,1.99947375,4,True,1.99947375
261,mp-1106346,B4Mo,P6_3/mmc,0.2732644386666678,0.0,0.5322970113333376,0.0226705,NM,0.005667625,0,False,0.00141690625
262,mp-1096829,BPt,P6_3/mmc,0.0620255329166674,0.0,0.1937046077083399,0.0015127,NM,0.00075635,0,False,0.00075635
263,mp-567926,B4Rh5,P6_3/mmc,-0.356739782962962,0.0,0.0,1.38e-05,NM,6.9e-06,0,False,1.725e-06
264,mp-9973,VB,Cmcm,-0.8471857795833335,0.0,0.0,1e-07,NM,5e-08,0,False,5e-08
265,mp-995182,NdB4,Immm,0.561272125166667,0.0,1.1228151089999994,0.0001977,NM,0.0001977,0,True,4.9425e-05
266,mp-1061023,RbB,Fm-3m,2.172314421666667,0.0,2.172314421666667,0.0498556,NM,0.0498556,0,False,0.0498556
267,mp-32715,B36O5,P-1,-0.6710977000914629,2.341600000000001,0.0164852912195128,0.0037281,NM,0.00186405,0,True,5.177916666666667e-05
268,mp-27896,BF3,P-1,-3.112166153854166,8.1347,0.0001646887499999,0.0,NM,0.0,0,False,0.0
269,mp-7424,BPd2,Pnnm,-0.266144823055555,0.0,0.0,0.0,NM,0.0,0,False,0.0
270,mp-1001835,LiB,P6_3/mmc,-0.16582155625,0.0,0.0,2e-07,NM,1e-07,0,False,1e-07
271,mp-696597,B5H9,I4mm,-0.1632833943452384,5.709300000000001,0.0203295592776058,0.0,NM,0.0,0,False,0.0
272,mp-569655,BN,P2_1/c,-1.1402124070833324,3.5892000000000004,0.3211676225000008,9.37e-05,NM,2.3425e-05,0,True,2.3425e-05
273,mp-1542,YB2,P6/mmm,-0.5636299249999995,0.0,0.0,2e-06,NM,2e-06,0,False,1e-06
274,mp-1228685,B8O,Cm,-0.6044022391203706,2.2645,0.0220622640740737,0.0,NM,0.0,0,True,0.0
275,mp-637,YB4,P4/mbm,-0.5877031486666666,0.0,0.0,0.0,NM,0.0,0,False,0.0
276,mp-1079046,BC7,Pmm2,0.2317633872916662,0.0,0.2474422762760415,0.0016538,NM,0.0016538,0,True,0.0016538
277,mp-20318,Mn2B,I4/mcm,-0.3969210933429122,0.0,0.0,0.0093246,AFM,0.0046623,4,False,0.0046623
278,mp-505535,B8Ru11,Pbam,-0.1411758512280698,0.0,0.0915809954385942,0.0003163,NM,0.00015815,0,False,1.976875e-05
279,mp-1244991,BN,P1,-0.7184967577833333,1.5503,0.7428832718000002,0.0053195,NM,0.0001063899999999,0,True,0.0001063899999999
280,mp-1004753,PrB12,Fm-3m,-0.1905739380769222,0.0,0.0696311073076918,0.000629,NM,0.000629,0,True,5.241666666666667e-05
281,mp-19984,TbB4,P4/mbm,0.5402951576666674,0.0,1.139700604999999,0.0013189,NM,0.000329725,0,True,8.243125e-05
282,mp-27990,B2H5,P2_1/c,-0.1792750172619044,6.2615,0.0,0.0,NM,0.0,0,False,0.0
283,mp-2057,DyB2,P6/mmm,-0.5613357794444447,0.0,0.0,3.1e-06,NM,3.1e-06,0,False,1.55e-06
284,mp-1080576,LiB,Pmma,0.4537199950000001,0.0,0.6195415512500002,1.2033474,NM,0.30083685,0,True,0.30083685
285,mp-2331,B2Mo,R-3m,-0.4317209544444438,0.0,0.0,0.0,NM,0.0,0,False,0.0
286,mp-1774,ErB2,P6/mmm,-0.6221119461111115,0.0,0.0,4.7e-06,NM,4.7e-06,0,False,2.35e-06
287,mp-2203,YB6,Pm-3m,-0.3995659159523806,0.0,0.0285228292857153,0.0,NM,0.0,0,False,0.0
288,mp-1184725,Hg3B,P2_1/m,1.0553065914583333,0.0,1.0553065914583333,0.0003833,NM,0.00019165,0,True,0.00019165
289,mp-2058,Ni3B,Pnma,-0.2628471747916663,0.0,0.0,1e-07,NM,2.5e-08,0,False,2.5e-08
290,mp-30935,B17F27,P-1,-2.3947218658712117,4.5644,0.1517306417140203,0.0005543,NM,0.00027715,0,False,1.6302941176470588e-05
291,mp-15671,Re3B,Cmcm,-0.2033956235416667,0.0,0.0,2e-07,NM,1e-07,0,False,1e-07
292,mp-27710,CrB4,Immm,-0.3030277493333315,0.1306000000000002,0.0060001740000004,1e-07,NM,1e-07,0,False,2.5e-08
293,mp-1076,KB6,Pm-3m,-0.0263496197142854,0.0,0.0,0.0,NM,0.0,0,False,0.0
294,mp-851576,B84O11,P1,2.58696793793421,0.0,3.2398098938947366,0.016587,NM,0.016587,0,True,0.0001974642857142
295,mp-763,MgB2,P6/mmm,-0.1303552961111105,0.0,0.0,1e-07,NM,1e-07,0,False,5e-08
296,mp-1009823,BeB2,P6/mmm,0.1202282555555551,0.0,0.127193730069445,0.0004941,NM,0.0004941,0,True,0.00024705
297,mp-1514,UB2,P6/mmm,-0.5841753627777777,0.0,0.0,1.1784996,FM,1.1784996,1,False,0.5892498
298,mp-1187526,Tl3B,Pm-3m,1.0007761527083336,0.0,1.0007761527083336,0.0009988,NM,0.0009988,0,True,0.0009988
299,mp-1186025,Na3B,I4/mmm,0.8423500152945405,0.0,0.8597133913318964,0.1320833,NM,0.1320833,0,True,0.1320833
300,mp-614006,B2O,P-3m1,-0.7114378190277778,0.0,0.9245854276388884,9.6e-06,NM,4.8e-06,0,True,2.4e-06
301,mp-10144,B2W,P6/mmm,-0.075432872777777,0.0,0.2575103600000012,0.0004338,NM,0.0004338,0,False,0.0002169
302,mp-1101938,FeB2,Pnma,-0.2960468752777778,0.5153999999999996,0.0,0.0008397,NM,0.000209925,0,True,0.0001049625
303,mp-16713,Pr2B5,C2/c,-0.4883348565476189,0.0,0.0,1.0292141,FM,0.257303525,4,False,0.0514607049999999
304,mp-6996,SmB6,Pm-3m,-0.4549995242857138,0.0,0.0,0.0,NM,0.0,0,False,0.0
305,mp-21343,CeB6,Pm-3m,-0.5155952042857146,0.0,0.0,1.0063901,FM,1.0063901,1,False,0.1677316833333333
306,mp-1008559,BP,P6_3mc,-0.3961867837499992,1.0624000000000002,0.0113008775,0.0,NM,0.0,0,False,0.0
307,mp-954,BaB6,Pm-3m,-0.4099723649999995,0.0,0.0,0.0,NM,0.0,0,False,0.0
308,mp-1105617,TcB4,P6_3/mmc,0.3676202911666664,0.0,0.6320027178333358,1.904904,FM,0.476226,4,True,0.1190565
309,mp-12762,PrB6,Pm-3m,-0.4832379414285707,0.0,0.0,0.0,NM,0.0,0,False,0.0
310,mp-27658,Li5B4,R3m,0.5057422929629634,0.0,0.6531392318518514,0.0009089,NM,0.0009089,0,False,0.000227225
311,mp-568384,ScB2,Fd-3m,0.0688057322222235,0.0,0.9076439600000006,0.0012655,NM,0.00063275,0,False,0.000316375
312,mp-568319,DyB6,Pm-3m,-0.4001028407142856,0.0,0.035523241249999,0.0,NM,0.0,0,False,0.0
313,mp-1245193,BN,P1,-0.6450635241833333,0.2781,0.8163165053999997,2.0033108,FM,0.040066216,1,True,0.040066216
314,mp-568143,TmB4,P4/mbm,-0.5780460971666663,0.0,0.0,0.0,NM,0.0,0,False,0.0
315,mp-889,Cr3B4,Immm,-0.4602709238095234,0.0,0.0167097100000006,0.0005884,NM,0.0005884,0,False,0.0001471
316,mp-1245270,B2O3,P1,-2.670249095416666,4.4806,0.1285705908333341,0.0,NM,0.0,0,True,0.0
317,mp-1183440,BiB,P6_3mc,0.8108499079166673,0.0,0.8108499079166673,0.0015105,NM,0.00075525,0,True,0.00075525
318,mp-866066,B2S3,R-3c,-0.6305787145416666,1.5315,0.1047856845600003,0.0174642,NM,0.0087321,0,True,0.00436605
319,mp-999198,BMo,Cmcm,-0.4922973570833324,0.0,0.0099374624999999,0.0,NM,0.0,0,False,0.0
320,mp-1018649,BC5,P3m1,0.2586731855555548,0.0,0.2795783708680606,0.0009395,NM,0.0009395,0,True,0.0009395
321,mp-1206441,V5B6,Cmmm,-0.8301574040909091,0.0,0.0,0.0,NM,0.0,0,True,0.0
322,mp-1228684,B2Pt3,Cm,-0.0993293256666667,0.0,0.058685564083337,0.0002082,NM,0.0002082,0,True,0.0001041
323,mp-8079,B5W2,R-3m,0.2489101163095252,0.0,0.5342900301190454,0.014269,NM,0.014269,0,False,0.0028538
324,mp-634117,BH3,P2_1/c,-0.1642576716666663,5.3252,0.0,0.0,NM,0.0,0,False,0.0
325,mp-20517,BPd3,Pnma,-0.2580220141666665,0.0,0.0,0.0,NM,0.0,0,False,0.0
326,mp-2847,ErB4,P4/mbm,-0.5858285723333332,0.0,0.0,0.0,NM,0.0,0,False,0.0
327,mp-1226275,Cr4B,F222,0.0800526961666676,0.0,0.3031366165000033,0.0009259,NM,0.00046295,0,True,0.00046295
328,mp-1201949,B5H4,I4_1/acd,0.1727089988657408,2.8736,0.3254411478556482,0.0,NM,0.0,0,False,0.0
329,mp-262,Na3B20,Cmmm,-0.0603943514342824,0.0,0.0,0.0,NM,0.0,0,False,0.0
330,mp-1201287,CuB5,Pbca,0.4156976961111122,0.0,0.4156976961111125,0.0004063,NM,2.539375e-05,0,True,5.07875e-06
331,mp-7283,LaB4,P4/mbm,-0.564821469333333,0.0,0.0,0.0002999,NM,7.4975e-05,0,False,1.874375e-05
332,mp-1227634,Be4B25,P2/c,0.2104308248563215,0.0,0.2133130901724129,0.0006228,NM,0.0003114,0,True,1.2456e-05
333,mp-1014138,ZrB,P-6m2,-0.4094427120833339,0.0,0.3310758024999991,6.6e-06,NM,3.3e-06,0,True,3.3e-06
334,mp-8365,MnB,Pnma,-0.5004360872988514,0.0,0.0,8.3465466,FM,2.08663665,4,False,2.08663665
335,mp-22319,UB12,Fm-3m,-0.2736273769230767,0.0,0.0,0.0,NM,0.0,0,False,0.0
336,mp-242,SrB6,Pm-3m,-0.4503817230952376,0.0,0.0,0.0,NM,0.0,0,False,0.0
337,mp-1001602,B12W,Fm-3m,0.2055303123076922,0.0,0.2823633660256464,6.17e-05,NM,6.17e-05,0,True,5.141666666666666e-06
338,mp-569281,HoB4,P4/mbm,-0.5915577948333322,0.0,0.0,0.0,NM,0.0,0,False,0.0
339,mp-1056860,NaB,Fm-3m,1.8575636371408049,0.0,1.8922903892155176,0.0363243,NM,0.0363243,0,False,0.0363243
340,mp-1994,HfB2,P6/mmm,-1.0178862927777768,0.0,0.0,1e-07,NM,1e-07,0,False,5e-08
341,mp-1106180,Re7B3,P6_3mc,-0.2220307207499999,0.0,0.008299404299997,1e-07,NM,5e-08,0,False,1.6666666666666667e-08
342,mp-23256,BCl,P2_12_12_1,-0.8562718572395829,0.8387,0.0994781992881916,0.0,NM,0.0,0,False,0.0
343,mp-2617,B2Pd5,C2/c,-0.2551906590476187,0.0,0.0063125589285712,0.0,NM,0.0,0,False,0.0
344,mp-30529,B5H11,P2_1/c,-0.158707534739583,4.6651,0.022194208657666,0.0025558,NM,0.00063895,0,False,0.00012779
345,mp-20373,Co3B,Pnma,-0.1832344897916664,0.0,0.0178043375000003,14.2613752,FM,3.5653438,12,False,3.5653438
346,mp-1245057,B2O3,P1,-2.6520142217166667,4.2258,0.1468054645333332,2.56e-05,NM,1.28e-06,0,True,6.4e-07
347,mp-1008487,BW,Cmcm,-0.3561958470833328,0.0,0.0114792587499987,1e-07,NM,5e-08,0,False,5e-08
348,mp-15617,Cr5B3,I4/mcm,-0.4156522671874985,0.0,0.0,3e-07,NM,1.5e-07,0,False,5e-08
349,mp-23189,BI3,P6_3/m,-0.3853295497916664,2.6901,0.0,0.0,NM,0.0,0,False,0.0
350,mp-1245228,BN,P1,-0.7952020421833333,1.7402,0.6661779874000011,0.0029797,NM,5.9594e-05,0,True,5.9594e-05
351,mp-706630,B5H7,P2/c,-0.1872279005902779,3.3929,0.0,0.0,NM,0.0,0,False,0.0
352,mp-567164,BRh,P6_3/mmc,-0.3779623545833326,0.0,0.0,1e-07,NM,5e-08,0,False,5e-08
353,mp-425,GdB2,P6/mmm,-0.4772311927777768,0.0,0.0683296773333328,7.2331512,FM,7.2331512,1,False,3.6165756
354,mp-1245025,B2O3,P1,-2.7356498717166664,4.1254,0.0631698145333334,0.0011737,NM,5.8685e-05,0,True,2.93425e-05
355,mp-1214789,BSe2,P2_1/c,-0.4484155883680548,1.7712,0.0,0.0,NM,0.0,0,True,0.0
356,mp-1106065,B3Rh7,P6_3mc,-0.2353988947499999,0.0,0.005400458749996,4.7e-06,NM,2.35e-06,0,False,7.833333333333333e-07
357,mp-570034,ErB4,P4/mbm,0.5393212096666666,0.0,1.1251497819999994,0.007432,NM,0.001858,0,True,0.0004645
358,mp-1079812,B9N,I4/mmm,2.234558678250001,0.0,2.526834684166669,2.2363621,FiM,2.2363621,2,False,0.2484846777777777
359,mp-1001788,ZrB6,Pm-3m,-0.0208770164285709,0.0,0.4022764204761913,0.0068807,NM,0.0068807,0,True,0.0011467833333333
360,mp-1008755,SrB2,P6/mmm,0.1822453450000007,0.0,0.5325422407407405,0.000755,NM,0.000755,0,True,0.0003775
361,mp-1078935,BC7,P-4m2,0.1996976422916656,0.0,0.2153765312760409,0.0037423,NM,0.0037423,0,True,0.0037423
362,mp-1009695,CaB2,P6/mmm,-0.1337176361111106,0.0,0.1920297424999999,4.08e-05,NM,4.08e-05,0,True,2.04e-05
363,mp-10141,SmB2,P6/mmm,-0.3899438077777783,0.0,0.1277652823333328,0.0013874,NM,0.0013874,0,False,0.0006937
364,mp-1189298,YbB4,P4/mbm,-0.4692663163333329,0.0,0.0,0.0,NM,0.0,0,False,0.0
365,mp-2719,DyB4,P4/mbm,-0.5964320543333329,0.0,0.0,0.0,NM,0.0,0,False,0.0
366,mp-1194572,Co5B16,Pmma,-0.1616490150793643,0.0,0.0298165347222223,0.0309477,NM,0.01547385,0,False,0.000967115625
367,mp-1001600,HfB12,Fm-3m,-0.1933358807692302,0.0,0.0415609560256413,0.0,NM,0.0,0,False,0.0
368,mp-978275,MgB7,C2/m,-0.1305705333333326,1.4592,0.0,0.0,NM,0.0,0,False,0.0
369,mp-16762,PrB3,P6_3/mmc,-0.0323833418749996,0.0,0.4788088281249996,7.46e-05,NM,3.73e-05,0,True,1.2433333333333332e-05
370,mp-8035,B4C,R-3m,0.9522772345000002,0.0,1.052622124,1.8e-06,NM,6e-07,0,True,1.5e-07
371,mp-1228682,BPd4,Pmm2,0.0081223821666668,0.0,0.2419539392499938,0.0015063,NM,0.0015063,0,True,0.0015063
372,mp-17535,B3Ru7,P6_3mc,-0.1376103792499989,0.0,0.0282288739999998,1e-07,NM,5e-08,0,False,1.6666666666666667e-08
373,mp-1080525,FeB,I4_1/amd,-0.3795468670833326,0.0,0.0,8.6051689,FM,2.151292225,4,True,2.151292225
374,mp-28629,Ta5B6,Cmmm,-0.7847906095454547,0.0,0.0028053090909097,0.0,NM,0.0,0,False,0.0
375,mp-1632,NdB4,P4/mbm,-0.5615429838333327,0.0,0.0,0.0,NM,0.0,0,False,0.0
376,mp-1185180,Li3B,I4/mmm,0.3734390677083334,0.0,0.4563498458333335,0.0005798,NM,0.0005798,0,True,0.0005798
377,mp-23225,BBr3,P6_3/m,-0.9904460797916664,3.8273,0.0,0.0,NM,0.0,0,False,0.0
378,mp-978496,SiB4,R-3m,0.2494394440000008,0.0,0.2816218045000003,8.7e-06,NM,2.9e-06,0,True,7.249999999999999e-07
379,mp-2850,B2Os,Pmmn,-0.2130012044444432,0.0,0.0,0.0,NM,0.0,0,False,0.0
380,mp-1072852,CdB2,Pn-3m,2.572591197222222,0.0,2.572591197222218,0.0005365,NM,0.00026825,0,False,0.000134125
381,mp-1184565,GeB,P6_3mc,0.5502172629166671,0.0,0.5502172629166671,0.0006657,NM,0.00033285,0,True,0.00033285
382,mp-571655,B4C,R-3m,0.8014824678333335,0.0,0.9018273573333336,6.97e-05,NM,2.3233333333333333e-05,0,True,5.808333333333333e-06
383,mp-1095030,BC7,P-43m,0.2660395097916659,0.0,0.2817183987760412,0.0003603,NM,0.0003603,0,True,0.0003603
384,mp-1228652,B8O,Pm,-0.6038172665277778,2.3696,0.0226472366666667,0.0,NM,0.0,0,True,0.0
385,mp-1228687,B4Mo,P6/mmm,-0.0010681619999994,0.0,0.2579644106666707,0.0007169,NM,0.0002389666666666,0,True,5.974166666666667e-05
386,mp-542573,ThB4,P4/mbm,-0.6214714853333334,0.0,0.0,0.0,NM,0.0,0,False,0.0
387,mp-27876,B2H3,Pbca,-0.1516450682916662,3.0157,0.0345706471477056,0.0,NM,0.0,0,False,0.0
388,mp-1773,ReB2,P6_3/mmc,-0.4278498027777774,0.0,0.0,2.3e-06,NM,1.15e-06,0,False,5.75e-07
389,mp-1006223,GdB12,Fm-3m,-0.2419709161538452,0.0,0.0039014103846151,6.8851766,FM,6.8851766,1,False,0.5737647166666667
390,mp-374,CrB2,P6/mmm,-0.3398751761111107,0.0,0.0671251616666577,1.0056622,FM,1.0056622,1,False,0.5028311
391,mp-944,AlB2,P6/mmm,-0.0429882227777772,0.0,0.0101366112000071,1e-07,NM,1e-07,0,False,5e-08
392,mp-1183231,BRu3,P6_3/mmc,0.4660160402083342,0.0,0.6042154179166701,0.20996,NM,0.10498,0,True,0.10498
393,mp-1245281,BN,P1,-0.6260700361833336,0.0544,0.835309993400001,0.0001884,FiM,3.768e-06,2,True,3.768e-06
394,mp-10044,BAs,F-43m,-0.0189601420833325,1.2036999999999995,0.0803897675000024,0.0015859,NM,0.0015859,0,False,0.0015859
395,mp-1222413,LiB3,P4/mbm,-0.2370529764583322,0.0918999999999998,0.0,0.0,NM,0.0,0,True,0.0
396,mp-570938,B5W2,P6_3/mmc,0.2635983670238104,0.0,0.5489782808333299,0.0021428,NM,0.0010714,0,False,0.00021428
397,mp-13862,B13P2,R-3m,0.6871418782777785,0.0,0.958047636722224,0.0001105,NM,0.0001105,0,False,8.5e-06
398,mp-567415,Nd2B5,C2/c,-0.5148668047619042,0.0,0.0,3.68e-05,NM,9.2e-06,0,False,1.84e-06
399,mp-23316,BCl2,Pbca,-1.1580385080555555,2.9183,0.1162949006481461,0.0006127,NM,7.65875e-05,0,False,7.65875e-05
400,mp-450,NbB2,P6/mmm,-0.6938497461111103,0.0,0.0,3.7e-06,NM,3.7e-06,0,False,1.85e-06
401,mp-1103394,LiB11,F-43m,0.7958067538194449,0.0,0.8748244126388887,0.000903,NM,0.000903,0,True,8.20909090909091e-05
402,mp-978917,Sn3B,Fm-3m,0.9366946689583332,0.0,0.9366946689583332,0.0005097,NM,0.0005097,0,True,0.0005097
403,mp-1214755,BPd6,C2/c,-0.199356785595238,0.0,0.0,2e-07,NM,1e-07,0,True,1e-07
404,mp-1010,MnB4,Immm,-0.2720139549195394,0.0,0.0175701250000006,0.6392426,FM,0.6392426,1,False,0.15981065
405,mp-1145,TiB2,P6/mmm,-1.0556684605555553,0.0,0.0,0.0,NM,0.0,0,False,0.0
406,mp-1194531,Fe2B7,Pbam,-0.1900435393518509,0.0,0.0073210441666713,3.7030644,FiM,0.46288305,16,False,0.06612615
407,mp-1106184,MnB4,P2_1/c,-0.2895840799195397,0.0053,0.0,0.0,NM,0.0,0,False,0.0
408,mp-1244872,BN,P1,-0.8198389496833329,1.5766,0.6415410799000014,0.0014823,NM,2.9646e-05,0,True,2.9646e-05
409,mp-976080,Ge3B,P6_3/mmc,0.9860718652083332,0.0,0.9860718652083332,0.000944,NM,0.000472,0,True,0.000472
410,mp-1214764,BO3,P-1,-0.9156837438541664,0.0,0.833578560052084,12.0008587,FM,3.000214675,12,True,3.000214675
411,mp-960,B2Mo,P6/mmm,-0.2756160227777767,0.0,0.1561049316666665,3.3e-06,NM,3.3e-06,0,False,1.65e-06
412,mp-1974,CeB4,P4/mbm,-0.6277463433333338,0.0,0.0,2.9e-05,NM,7.25e-06,0,False,1.8125e-06
413,mp-644751,BN,Pnma,-1.1891388545833337,5.7747,0.2722411749999995,1.64e-05,NM,4.1e-06,0,True,4.1e-06
414,mp-1213975,CaB4,P4/mbm,-0.390896854333333,0.0,0.0,0.0,NM,0.0,0,True,0.0
415,mp-936302,B4C,P1,1.2731590240238095,0.0,1.3735039135238098,0.0014694,NM,0.0001049571428571,0,True,2.6239285714285717e-05
416,mp-27864,BF2,P2_1/c,-2.645448288055555,4.8986,0.1210680164814848,0.0013116,NM,0.0003279,0,False,0.0003279
417,mp-1183149,BAu,P6_3mc,0.8404483029166672,0.0,0.8404483029166672,0.0008966,NM,0.0004483,0,True,0.0004483
418,mp-1079661,BC7,R3m,0.2299829685416661,0.0,0.2456618575260414,0.0022091,NM,0.0022091,0,True,0.0022091
419,mp-569404,Ni4B3,C2/c,-0.2784035796428564,0.0,0.0016959778571434,0.0,NM,0.0,0,False,0.0
420,mp-1080111,B3Mo,R-3m,-0.315406023125,0.0,0.0083846927083328,0.0,NM,0.0,0,True,0.0
421,mp-1096955,EuB12,Fm-3m,-0.15402912076923,0.0,0.1024923011538465,6.7566041,FM,6.7566041,1,True,0.5630503416666667
422,mp-558149,BF3,P2_1/c,-3.112330842604166,8.2939,0.0,0.0,NM,0.0,0,False,0.0
423,mp-7839,ReB3,P6_3/mmc,0.7502217281250001,0.0,1.0711090802083325,0.0012784,NM,0.0006392,0,False,0.0002130666666666
424,mp-345,HfB,Fm-3m,-0.413497644583332,0.0,0.3499170750000004,0.0009076,NM,0.0009076,0,False,0.0009076
425,mp-1432,Be2B,Fm-3m,0.0407184469444447,0.0,0.0546493959722225,0.0,NM,0.0,0,False,0.0
426,mp-555170,B12S,R-3m,0.3171853305288469,0.0,0.411462817593164,0.001378,NM,0.001378,0,False,0.0001148333333333
427,mp-30936,B5F6,I4_1/a,-2.094609408484849,3.2308000000000003,0.168903931590906,0.0009379,NM,0.000234475,0,False,4.6895e-05
428,mp-1244917,BN,P1,-0.5451878917833335,1.1992000000000005,0.9161921377999996,0.0006929,NM,1.3858e-05,0,True,1.3858e-05
429,mp-1182499,B5I,C2/c,0.5663158694444448,0.0994999999999999,0.6519446582870358,0.0007378,NM,0.00018445,0,True,3.689e-05
430,mp-975611,Ge3B,Pm-3m,1.0085106289583337,0.0,1.0085106289583337,0.0004626,NM,0.0004626,0,True,0.0004626
431,mp-571491,HoB6,Pm-3m,-0.3834221107142852,0.0,0.0500425861607132,0.0,NM,0.0,0,False,0.0
432,mp-29611,B5H8,Pna2_1,-0.152577018044872,5.4267,0.0327043726398503,0.000129,NM,1.6125e-05,0,False,3.225e-06
433,mp-7832,BW,I4_1/amd,-0.3676751058333316,0.0,0.0,1e-07,NM,2.5e-08,0,False,2.5e-08
434,mp-1023515,Mg15B,P-6m2,0.1821089100520836,0.0,0.1943297190625001,0.004298,NM,0.004298,0,True,0.004298
435,mp-2580,NbB,Cmcm,-0.7696387770833333,0.0,0.0,9e-07,NM,4.5e-07,0,False,4.5e-07
436,mp-1245231,BN,P1,-0.8021801996833335,1.6715,0.6591998299000004,0.0028522,NM,5.7044e-05,0,True,5.7044e-05
437,mp-973682,Fe3B,Pnma,-0.2134626291666652,0.0,0.0171574543750008,24.1709616,FM,6.0427404,12,False,6.0427404
438,mp-1181327,Fe3B,I-4,-0.2016396947916661,0.0,0.0289803887499999,23.881261,FM,5.97031525,12,False,5.97031525
439,mp-1214978,BRu,Pmma,0.818222652916667,0.0,1.09462140833333,0.0065259,NM,0.001631475,0,True,0.001631475
440,mp-571352,TmB6,Pm-3m,-0.347129741666666,0.0,0.0793173577678576,5.1e-06,NM,5.1e-06,0,False,8.5e-07
441,mp-20874,EuB6,Pm-3m,-0.4763969264285715,0.0,0.0,6.8878978,FM,6.8878978,1,False,1.1479829666666668
442,mp-260,CrB,Cmcm,-0.5201766645833334,0.0,0.0092891912499997,1.1e-06,NM,5.5e-07,0,False,5.5e-07
443,mp-1077125,BC5,I-4m2,0.2294174222222219,0.0,0.2503226075347271,0.0062508,NM,0.0062508,0,True,0.0062508
444,mp-632822,Li5B4,Cm,0.1994958074074075,0.0,0.3468927462962954,0.0008192,NM,0.0008192,0,True,0.0002048
445,mp-1096844,BiB6,Pm-3m,0.3322086335714291,0.0,0.3322086335714296,0.0183745,NM,0.0183745,0,True,0.0030624166666666
446,mp-344,BN,Cc,-1.2419457895833332,3.5767,0.21943424,4.01e-05,NM,1.0025e-05,0,True,1.0025e-05
447,mp-567944,BCl,P4_2/nmc,-0.6746260839583336,3.3203,0.281123972569441,0.0021049,NM,0.0002631125,0,False,0.0002631125
448,mp-1025156,NpB6,Pm-3m,-0.2690023433928569,0.0,0.0546950408928177,4.1897007,FM,4.1897007,1,False,0.69828345
449,mp-1228676,B8P,Cm,-0.0751271533333324,0.1845999999999996,0.1506276453703696,1.0007424,FM,0.3335808,1,True,0.0416976
450,mp-1104598,ErB12,Fm-3m,-0.2515306661538458,0.0,0.0,0.0,NM,0.0,0,False,0.0
451,mp-865,CaB6,Pm-3m,-0.4078072207142855,0.0,0.0,0.0,NM,0.0,0,False,0.0
452,mp-419,YbB6,Pm-3m,-0.4603767792857129,0.0,0.0,0.0,NM,0.0,0,False,0.0
453,mp-1205212,B2F3,P2/c,-2.321473403604166,2.4177,0.1683912704791677,7.9e-06,NM,1.234375e-07,0,False,6.171875e-08
454,mp-1184483,In3B,Pm-3m,0.9006224002083334,0.0,0.9006224002083334,0.0007015,NM,0.0007015,0,True,0.0007015
455,mp-999118,TcB,P6_3/mmc,-0.1217665245833341,0.0,0.2633662390909119,0.0055944,NM,0.0027972,0,True,0.0027972
456,mp-20962,Ni23B6,Fm-3m,-0.1917367460344831,0.0,0.0257919503448285,0.1910406,FiM,0.1910406,3,True,0.0318401
457,mp-1182537,B9C,I4/mmm,2.524015400000001,0.0576000000000007,2.5776902612083337,2.995634,FM,2.995634,2,False,0.3328482222222222
458,mp-570421,Sm2B5,P2_1/c,-0.5546883108333337,0.0,0.0,1e-07,NM,2.5e-08,0,False,5e-09
459,mp-1491,VB2,P6/mmm,-0.7388496561111116,0.0,0.0,2.8e-06,NM,2.8e-06,0,False,1.4e-06
460,mp-1001831,LiB,Fd-3m,0.2137115762499997,1.7264999999999997,0.3795331324999997,1.1e-05,NM,5.5e-06,0,True,5.5e-06
461,mp-1181765,CuB5,Pbca,0.3846316811111118,0.0,0.3846316811111121,0.0011627,NM,7.266875e-05,0,True,1.453375e-05
462,mp-1599,BN,Cm,-1.323430465833333,1.5671,0.1379495637500003,2.3e-06,NM,5.75e-07,0,True,5.75e-07
463,mp-1222002,MgB3,P4/mmm,0.3379268356249998,0.0,0.4735807987499996,0.0011368,NM,0.0005684,0,True,0.0001894666666666
